-- Adminer 5.1.0 MySQL 8.0.41 dump

SET NAMES utf8;
SET time_zone = '+00:00';
SET foreign_key_checks = 0;
SET sql_mode = 'NO_AUTO_VALUE_ON_ZERO';

SET NAMES utf8mb4;

DROP TABLE IF EXISTS `activities_activity`;
CREATE TABLE `activities_activity` (
  `id` bigint NOT NULL AUTO_INCREMENT,
  `title` varchar(200) NOT NULL,
  `slug` varchar(50) NOT NULL,
  `description` longtext NOT NULL,
  `start_time` datetime(6) NOT NULL,
  `end_time` datetime(6) NOT NULL,
  `location` varchar(200) NOT NULL,
  `cover_image` varchar(100) NOT NULL,
  `max_participants` int unsigned NOT NULL,
  `created_at` datetime(6) NOT NULL,
  `updated_at` datetime(6) NOT NULL,
  `farmer_id` int NOT NULL,
  `category_id` bigint NOT NULL,
  `status` varchar(20) NOT NULL,
  PRIMARY KEY (`id`),
  UNIQUE KEY `slug` (`slug`),
  KEY `activities_activity_farmer_id_87e6b699_fk_auth_user_id` (`farmer_id`),
  KEY `activities_activity_category_id_0cf05d7d_fk_activitie` (`category_id`),
  CONSTRAINT `activities_activity_category_id_0cf05d7d_fk_activitie` FOREIGN KEY (`category_id`) REFERENCES `activities_activitycategory` (`id`),
  CONSTRAINT `activities_activity_farmer_id_87e6b699_fk_auth_user_id` FOREIGN KEY (`farmer_id`) REFERENCES `auth_user` (`id`),
  CONSTRAINT `activities_activity_chk_1` CHECK ((`max_participants` >= 0))
) ENGINE=InnoDB DEFAULT CHARSET=utf8mb4 COLLATE=utf8mb4_0900_ai_ci;

INSERT INTO `activities_activity` (`id`, `title`, `slug`, `description`, `start_time`, `end_time`, `location`, `cover_image`, `max_participants`, `created_at`, `updated_at`, `farmer_id`, `category_id`, `status`) VALUES
(1,	'春耕开犁节',	'1',	'以传统农耕仪式开幕，包含牛耕展示、插秧比赛、农具手作体验，搭配春茶品鉴市集。',	'2024-03-20 06:00:00.000000',	'2024-03-22 18:00:00.000000',	'浙江安吉茶园村',	'activities/covers/下载6.jpg',	300,	'2025-04-10 04:46:01.418997',	'2025-04-12 13:44:47.991405',	8,	5,	'pending'),
(2,	'油菜花田音乐节',	'2',	'在万亩油菜花海中搭建舞台，举办民谣音乐会、花田摄影赛，同步展销菜籽油制品。',	'2024-04-05 06:00:00.000000',	'2024-04-07 18:00:00.000000',	'江西婺源江湾镇',	'activities/covers/下载5.jpg',	500,	'2025-04-10 10:24:33.860481',	'2025-04-12 13:46:15.690394',	9,	5,	'pending'),
(3,	'山野珍品赶集日',	'3',	'集中展销野生菌、蜂蜜、山野菜，搭配“盲盒采摘”体验（付费挖笋/采茶）。',	'2024-05-01 06:00:00.000000',	'2024-05-03 18:00:00.000000',	'云南普洱倚象镇',	'activities/covers/下载4.jpg',	500,	'2025-04-10 10:27:09.237297',	'2025-04-12 13:47:19.989793',	10,	1,	'pending'),
(4,	'稻田星空露营',	'4',	'在稻田旁搭建帐篷区，夜间观星、捕萤火虫，晨间参与收割与稻谷脱粒',	'2024-08-15 06:00:00.000000',	'2024-08-17 18:00:00.000000',	'浙江湖州莫干山',	'activities/covers/下载3.jpg',	80,	'2025-04-10 10:29:15.653072',	'2025-04-12 13:48:25.671691',	11,	2,	'pending'),
(5,	'运河古镇慢游线',	'5',	'乘船游览运河古镇，参观酱园、缫丝作坊，品尝船菜并赠送“运河风味”礼包',	'2024-05-18 06:00:00.000000',	'2024-05-24 18:00:00.000000',	'江苏苏州甪直镇',	'activities/covers/下载2.jpg',	0,	'2025-04-10 10:31:23.156173',	'2025-04-12 13:49:44.517690',	12,	3,	'pending'),
(6,	'端午民俗文化展',	'',	'展示端午节的传统习俗，如包粽子、赛龙舟、佩戴香囊等。',	'2025-05-30 10:00:00.000000',	'2025-05-30 04:00:00.000000',	'文化活动中心',	'activities/covers/下载_1.jpg',	0,	'2025-04-12 12:02:56.262607',	'2025-04-12 13:50:30.700654',	89,	4,	'pending'),
(85,	'体验采摘新鲜草莓的乐趣',	'caomei-lequ',	'欢迎来到我们的草莓园，亲手采摘饱满多汁的草莓，享受田园时光。',	'2025-05-01 10:00:00.000000',	'2025-05-01 12:00:00.000000',	'阳光草莓园',	'backend/activities/covers/strawberry_picking.jpg',	30,	'2025-04-13 01:03:21.000000',	'2025-04-13 01:03:21.000000',	1,	1,	'pending'),
(86,	'学习传统手工陶艺制作',	'shougong-taoyi',	'跟随经验丰富的陶艺师傅，从泥土开始，亲手制作一件独一无二的陶艺作品。',	'2025-05-15 14:00:00.000000',	'2025-05-15 17:00:00.000000',	'泥土艺术工作室',	'backend/activities/covers/pottery_making.jpg',	20,	'2025-04-13 01:03:21.000000',	'2025-04-13 12:04:34.967942',	101,	1,	'pending'),
(87,	'探索神秘的乡村徒步之旅',	'xiangcun-tubu',	'沿着古老的乡村小路，穿越森林和溪流，发现隐藏的美景和宁静。',	'2025-05-22 09:00:00.000000',	'2025-05-22 16:00:00.000000',	'绿野山谷',	'backend/activities/covers/hiking_adventure.jpg',	15,	'2025-04-13 01:03:21.000000',	'2025-04-13 12:04:26.136686',	100,	1,	'pending'),
(88,	'体验传统农耕文化，播种希望',	'nonggeng-wenhua',	'参与到真实的农耕活动中，学习播种、施肥等技巧，感受劳动的快乐和收获的喜悦。',	'2025-06-05 09:30:00.000000',	'2025-06-05 11:30:00.000000',	'希望田野',	'backend/activities/covers/planting_crops.jpg',	40,	'2025-04-13 01:03:21.000000',	'2025-04-13 12:04:17.211526',	99,	1,	'pending'),
(89,	'品尝地道农家菜，体验乡村美食',	'nongjia-meishi',	'在农家小院里，品尝由新鲜食材烹制而成的地道农家菜肴，感受淳朴的乡村风味。',	'2025-06-12 12:00:00.000000',	'2025-06-12 14:00:00.000000',	'老王农家小院',	'backend/activities/covers/farm_to_table_lunch.jpg',	25,	'2025-04-13 01:03:21.000000',	'2025-04-13 12:03:22.449045',	98,	1,	'pending'),
(90,	'夜观星空，聆听自然的低语',	'yeguan-xingkong',	'远离城市的喧嚣，来到乡村，仰望璀璨的星空，聆听夜晚大自然的声音，放松身心。',	'2025-06-26 20:00:00.000000',	'2025-06-26 22:00:00.000000',	'星空观测点',	'backend/activities/covers/stargazing_night.jpg',	10,	'2025-04-13 01:03:21.000000',	'2025-04-13 12:03:08.494712',	96,	1,	'pending'),
(91,	'亲手制作美味的手工面条',	'shougong-mian',	'学习如何用传统方法制作劲道十足的手工面条，体验揉面、擀面、切面的乐趣，最后品尝自己的劳动成果。',	'2025-07-03 15:00:00.000000',	'2025-07-03 17:00:00.000000',	'面条坊',	'backend/activities/covers/handmade_noodles.jpg',	18,	'2025-04-13 01:03:21.000000',	'2025-04-13 12:02:59.514550',	95,	1,	'pending'),
(92,	'体验清晨的鸟鸣和瑜伽',	'qingchen-yuming-yujia',	'在清新的乡村早晨，伴随着鸟儿的歌唱，进行一场舒缓身心的瑜伽练习，开启美好的一天。',	'2025-07-10 07:00:00.000000',	'2025-07-10 08:30:00.000000',	'静心草坪',	'backend/activities/covers/morning_yoga.jpg',	22,	'2025-04-13 01:03:21.000000',	'2025-04-13 12:02:49.364025',	95,	1,	'pending'),
(93,	'学习制作传统豆腐的全过程',	'chuantong-doufu',	'了解豆腐的制作工艺，从黄豆到嫩滑的豆腐，亲手体验每一个环节，感受传统美食的魅力。',	'2025-07-17 10:30:00.000000',	'2025-07-17 13:00:00.000000',	'豆腐坊',	'backend/activities/covers/tofu_making.jpg',	28,	'2025-04-13 01:03:21.000000',	'2025-04-13 12:02:41.630702',	94,	1,	'pending'),
(94,	'在乡村体验宁静的垂钓乐趣',	'xiangcun-chuidao',	'在宁静的乡村池塘边，享受悠闲的垂钓时光，放松心情，感受大自然的馈赠。',	'2025-07-24 16:00:00.000000',	'2025-07-24 18:00:00.000000',	'静心湖畔',	'backend/activities/covers/peaceful_fishing.jpg',	12,	'2025-04-13 01:03:21.000000',	'2025-04-13 12:02:33.583692',	93,	1,	'pending'),
(115,	'体验采摘新鲜草莓的乐趣',	'caomei-lequ-1',	'欢迎来到我们的草莓园，亲手采摘饱满多汁的草莓，享受田园时光。',	'2025-05-01 10:00:00.000000',	'2025-05-01 12:00:00.000000',	'阳光草莓园',	'backend/activities/covers/strawberry_picking.jpg',	30,	'2025-04-13 01:13:00.000000',	'2025-04-13 12:02:24.714259',	92,	1,	'pending'),
(116,	'学习传统手工陶艺制作',	'shougong-taoyi-1',	'跟随经验丰富的陶艺师傅，从泥土开始，亲手制作一件独一无二的陶艺作品。',	'2025-05-15 14:00:00.000000',	'2025-05-15 17:00:00.000000',	'泥土艺术工作室',	'backend/activities/covers/pottery_making.jpg',	20,	'2025-04-13 01:13:00.000000',	'2025-04-13 12:02:18.995101',	91,	1,	'pending'),
(117,	'探索神秘的乡村徒步之旅',	'xiangcun-tubu-1',	'沿着古老的乡村小路，穿越森林和溪流，发现隐藏的美景和宁静。',	'2025-05-22 09:00:00.000000',	'2025-05-22 16:00:00.000000',	'绿野山谷',	'backend/activities/covers/hiking_adventure.jpg',	15,	'2025-04-13 01:13:00.000000',	'2025-04-13 12:02:10.799944',	90,	1,	'pending'),
(118,	'体验传统农耕文化，播种希望',	'nonggeng-wenhua-1',	'参与到真实的农耕活动中，学习播种、施肥等技巧，感受劳动的快乐和收获的喜悦。',	'2025-06-05 09:30:00.000000',	'2025-06-05 11:30:00.000000',	'希望田野',	'backend/activities/covers/planting_crops.jpg',	40,	'2025-04-13 01:13:00.000000',	'2025-04-13 12:02:02.459124',	89,	1,	'pending'),
(119,	'品尝地道农家菜，体验乡村美食',	'nongjia-meishi-1',	'在农家小院里，品尝由新鲜食材烹制而成的地道农家菜肴，感受淳朴的乡村风味。',	'2025-06-12 12:00:00.000000',	'2025-06-12 14:00:00.000000',	'老王农家小院',	'backend/activities/covers/farm_to_table_lunch.jpg',	25,	'2025-04-13 01:13:00.000000',	'2025-04-13 12:01:46.099513',	88,	1,	'pending'),
(120,	'夜观星空，聆听自然的低语',	'yeguan-xingkong-1',	'远离城市的喧嚣，来到乡村，仰望璀璨的星空，聆听夜晚大自然的声音，放松身心。',	'2025-06-26 20:00:00.000000',	'2025-06-26 22:00:00.000000',	'星空观测点',	'backend/activities/covers/stargazing_night.jpg',	10,	'2025-04-13 01:13:00.000000',	'2025-04-13 12:01:37.213301',	12,	1,	'pending'),
(121,	'亲手制作美味的手工面条',	'shougong-mian-1',	'学习如何用传统方法制作劲道十足的手工面条，体验揉面、擀面、切面的乐趣，最后品尝自己的劳动成果。',	'2025-07-03 15:00:00.000000',	'2025-07-03 17:00:00.000000',	'面条坊',	'backend/activities/covers/handmade_noodles.jpg',	18,	'2025-04-13 01:13:00.000000',	'2025-04-13 12:01:29.214655',	11,	1,	'pending'),
(122,	'体验清晨的鸟鸣和瑜伽',	'qingchen-yuming-yujia-1',	'在清新的乡村早晨，伴随着鸟儿的歌唱，进行一场舒缓身心的瑜伽练习，开启美好的一天。',	'2025-07-10 07:00:00.000000',	'2025-07-10 08:30:00.000000',	'静心草坪',	'backend/activities/covers/morning_yoga.jpg',	22,	'2025-04-13 01:13:00.000000',	'2025-04-13 12:01:14.449320',	10,	1,	'pending'),
(123,	'学习制作传统豆腐的全过程',	'chuantong-doufu-1',	'了解豆腐的制作工艺，从黄豆到嫩滑的豆腐，亲手体验每一个环节，感受传统美食的魅力。',	'2025-07-17 10:30:00.000000',	'2025-07-17 13:00:00.000000',	'豆腐坊',	'activities/covers/tofu_making.jpg',	28,	'2025-04-13 01:13:00.000000',	'2025-05-01 11:34:59.998482',	9,	1,	'pending'),
(124,	'在乡村体验宁静的垂钓乐趣',	'xiangcun-chuidao-1',	'在宁静的乡村池塘边，享受悠闲的垂钓时光，放松心情，感受大自然的馈赠。',	'2025-07-24 16:00:00.000000',	'2025-07-24 18:00:00.000000',	'静心湖畔',	'activities/covers/peaceful_fishing.jpg',	12,	'2025-04-13 01:13:00.000000',	'2025-05-01 11:34:44.337196',	8,	1,	'pending');

DROP TABLE IF EXISTS `activities_activity_tags`;
CREATE TABLE `activities_activity_tags` (
  `id` bigint NOT NULL AUTO_INCREMENT,
  `activity_id` bigint NOT NULL,
  `tag_id` bigint NOT NULL,
  PRIMARY KEY (`id`),
  UNIQUE KEY `activities_activity_tags_activity_id_tag_id_be71364b_uniq` (`activity_id`,`tag_id`),
  KEY `activities_activity_tags_tag_id_b142e65f_fk_activities_tag_id` (`tag_id`),
  CONSTRAINT `activities_activity__activity_id_31fc4319_fk_activitie` FOREIGN KEY (`activity_id`) REFERENCES `activities_activity` (`id`),
  CONSTRAINT `activities_activity_tags_tag_id_b142e65f_fk_activities_tag_id` FOREIGN KEY (`tag_id`) REFERENCES `activities_tag` (`id`)
) ENGINE=InnoDB DEFAULT CHARSET=utf8mb4 COLLATE=utf8mb4_0900_ai_ci;

INSERT INTO `activities_activity_tags` (`id`, `activity_id`, `tag_id`) VALUES
(1,	1,	2),
(2,	2,	3),
(3,	3,	14),
(4,	4,	24),
(5,	5,	39),
(7,	6,	21),
(6,	6,	24);

DROP TABLE IF EXISTS `activities_activitycategory`;
CREATE TABLE `activities_activitycategory` (
  `id` bigint NOT NULL AUTO_INCREMENT,
  `name` varchar(100) NOT NULL,
  `status` varchar(20) NOT NULL,
  PRIMARY KEY (`id`),
  UNIQUE KEY `name` (`name`)
) ENGINE=InnoDB DEFAULT CHARSET=utf8mb4 COLLATE=utf8mb4_0900_ai_ci;

INSERT INTO `activities_activitycategory` (`id`, `name`, `status`) VALUES
(1,	'农产品展销与体验市集',	'pending'),
(2,	'农旅体验',	'pending'),
(3,	'旅游线路与品牌推广',	'pending'),
(4,	'文化赋能与传播创新',	'pending'),
(5,	'农时或民俗',	'pending');

DROP TABLE IF EXISTS `activities_activitycheckin`;
CREATE TABLE `activities_activitycheckin` (
  `id` bigint NOT NULL AUTO_INCREMENT,
  `check_in_time` datetime(6) NOT NULL,
  `activity_id` bigint NOT NULL,
  `user_id` int NOT NULL,
  PRIMARY KEY (`id`),
  KEY `activities_activityc_activity_id_6a125d2b_fk_activitie` (`activity_id`),
  KEY `activities_activitycheckin_user_id_a760e202_fk_auth_user_id` (`user_id`),
  CONSTRAINT `activities_activityc_activity_id_6a125d2b_fk_activitie` FOREIGN KEY (`activity_id`) REFERENCES `activities_activity` (`id`),
  CONSTRAINT `activities_activitycheckin_user_id_a760e202_fk_auth_user_id` FOREIGN KEY (`user_id`) REFERENCES `auth_user` (`id`)
) ENGINE=InnoDB DEFAULT CHARSET=utf8mb4 COLLATE=utf8mb4_0900_ai_ci;

INSERT INTO `activities_activitycheckin` (`id`, `check_in_time`, `activity_id`, `user_id`) VALUES
(1,	'2025-04-10 10:44:51.614673',	1,	2),
(2,	'2025-04-10 10:44:56.381232',	2,	3),
(3,	'2025-04-10 10:55:19.908354',	3,	4),
(4,	'2025-04-10 10:55:23.823294',	4,	5),
(5,	'2025-04-10 10:55:27.340919',	5,	6);

DROP TABLE IF EXISTS `activities_activitycomment`;
CREATE TABLE `activities_activitycomment` (
  `id` bigint NOT NULL AUTO_INCREMENT,
  `object_id` int unsigned NOT NULL,
  `text` longtext NOT NULL,
  `created_at` datetime(6) NOT NULL,
  `content_type_id` int NOT NULL,
  `user_id` int NOT NULL,
  `auto_reply` longtext,
  PRIMARY KEY (`id`),
  KEY `activities_activityc_content_type_id_9a4f013f_fk_django_co` (`content_type_id`),
  KEY `activities_activitycomment_user_id_fd9a36e3_fk_auth_user_id` (`user_id`),
  CONSTRAINT `activities_activityc_content_type_id_9a4f013f_fk_django_co` FOREIGN KEY (`content_type_id`) REFERENCES `django_content_type` (`id`),
  CONSTRAINT `activities_activitycomment_user_id_fd9a36e3_fk_auth_user_id` FOREIGN KEY (`user_id`) REFERENCES `auth_user` (`id`),
  CONSTRAINT `activities_activitycomment_chk_1` CHECK ((`object_id` >= 0))
) ENGINE=InnoDB DEFAULT CHARSET=utf8mb4 COLLATE=utf8mb4_0900_ai_ci;

INSERT INTO `activities_activitycomment` (`id`, `object_id`, `text`, `created_at`, `content_type_id`, `user_id`, `auto_reply`) VALUES
(1,	1,	'开犁仪式震撼！老农示范牛耕技艺，孩子第一次摸到犁具兴奋极了。',	'2025-04-10 10:51:40.861081',	13,	2,	NULL),
(2,	2,	'花海+民谣=出片神器！无人机航拍视角绝美，就是人多需要抢机位。',	'2025-04-10 10:52:56.821735',	13,	3,	NULL),
(3,	3,	'野生菌种类多到眼花！买了松茸和牛肝菌，老板还送了烹饪食谱，回家炖鸡汤绝了！',	'2025-04-10 10:53:10.542086',	13,	4,	NULL),
(4,	4,	'这辈子见过最美的星空！帐篷干净，提供驱蚊灯很贴心，收割稻子体验让孩子懂得珍惜粮食。',	'2025-04-10 10:53:23.239935',	13,	5,	NULL),
(5,	5,	'坐船游古镇太有感觉了！导游讲解细致，酱园的试吃根本停不下来，后悔没多买几瓶！',	'2025-04-10 10:53:35.487990',	13,	6,	NULL),
(6,	85,	'这次草莓采摘体验太棒了！草莓非常新鲜甜美，园主也很热情。',	'2025-04-13 12:20:48.000000',	13,	133,	NULL),
(7,	85,	'很适合亲子活动，孩子们玩得很开心，也了解了草莓的生长过程。',	'2025-04-13 12:20:48.000000',	13,	134,	NULL),
(8,	85,	'环境优美，空气清新，采摘的草莓品质很好，下次还会再来。',	'2025-04-13 12:20:48.000000',	13,	135,	NULL),
(9,	85,	'价格合理，体验感很好，采摘了很多又大又红的草莓，非常满意。',	'2025-04-13 12:20:48.000000',	13,	136,	NULL),
(10,	85,	'一次愉快的草莓采摘之旅，推荐大家来体验！',	'2025-04-13 12:20:48.000000',	13,	137,	NULL),
(11,	86,	'陶艺老师非常专业，讲解得很细致，第一次体验就做出了不错的作品。',	'2025-04-13 12:20:48.000000',	13,	138,	NULL),
(12,	86,	'很有趣的手工体验，感受到了制作陶艺的乐趣，成品很有成就感。',	'2025-04-13 12:20:48.000000',	13,	139,	NULL),
(13,	86,	'工作室环境很好，氛围轻松愉快，适合放松心情，体验慢生活。',	'2025-04-13 12:20:48.000000',	13,	140,	NULL),
(14,	86,	'通过这次活动，对传统陶艺有了更深的了解，也体验到了手工的魅力。',	'2025-04-13 12:20:48.000000',	13,	141,	NULL),
(15,	86,	'非常棒的陶艺体验，值得推荐！',	'2025-04-13 12:20:48.000000',	13,	142,	NULL),
(16,	87,	'乡村徒步风景很美，空气清新，远离城市喧嚣，身心得到了放松。',	'2025-04-13 12:20:48.000000',	13,	143,	NULL),
(17,	87,	'徒步路线设计合理，难度适中，适合各个年龄段的人群。',	'2025-04-13 12:20:48.000000',	13,	144,	NULL),
(18,	87,	'领队很专业，对当地的自然环境和文化历史都很了解，讲解得很生动。',	'2025-04-13 12:20:48.000000',	13,	145,	NULL),
(19,	87,	'一次非常棒的乡村徒步体验，感受到了大自然的魅力和乡村的宁静。',	'2025-04-13 12:20:48.000000',	13,	146,	NULL),
(20,	87,	'推荐这条徒步路线，非常适合周末放松心情。',	'2025-04-13 12:20:48.000000',	13,	147,	NULL),
(21,	88,	'体验农耕文化很有意义，让我更加珍惜粮食，了解农民的辛苦。',	'2025-04-13 12:20:48.000000',	13,	133,	NULL),
(22,	88,	'孩子们通过亲手播种，体验到了劳动的快乐，也增长了知识。',	'2025-04-13 12:20:48.000000',	13,	134,	NULL),
(23,	88,	'农场环境很好，农具也很齐全，体验过程很有趣。',	'2025-04-13 12:20:48.000000',	13,	135,	NULL),
(24,	88,	'一次难忘的农耕体验，让我对土地和自然有了更深的敬畏。',	'2025-04-13 12:20:48.000000',	13,	136,	NULL),
(25,	88,	'推荐这个活动，可以带孩子来体验一下，很有教育意义。',	'2025-04-13 12:20:48.000000',	13,	137,	NULL),
(26,	89,	'农家菜味道很地道，食材新鲜，烹饪方式也很传统，吃出了小时候的味道。',	'2025-04-13 12:20:48.000000',	13,	138,	NULL),
(27,	89,	'用餐环境很舒适，服务也很热情，体验到了浓浓的乡村风情。',	'2025-04-13 12:20:48.000000',	13,	139,	NULL),
(28,	89,	'菜品种类丰富，味道鲜美，价格也很实惠，性价比很高。',	'2025-04-13 12:20:48.000000',	13,	140,	NULL),
(29,	89,	'一次愉快的乡村美食体验，推荐大家来品尝。',	'2025-04-13 12:20:48.000000',	13,	141,	NULL),
(30,	89,	'感受到了乡村的淳朴和热情，美食也让人回味无穷。',	'2025-04-13 12:20:48.000000',	13,	142,	NULL),
(31,	90,	'夜晚的星空太美了，很久没有看到这么清晰的星空了，非常震撼。',	'2025-04-13 12:20:48.000000',	13,	143,	NULL),
(32,	90,	'聆听大自然的声音，让人心情平静放松，远离城市的喧嚣和压力。',	'2025-04-13 12:20:48.000000',	13,	144,	NULL),
(33,	90,	'讲解员很专业，对天文知识很了解，通过望远镜看到了美丽的星云。',	'2025-04-13 12:20:48.000000',	13,	145,	NULL),
(34,	90,	'一次浪漫而难忘的星空之旅，推荐情侣一起来体验。',	'2025-04-13 12:20:48.000000',	13,	146,	NULL),
(35,	90,	'感受到了大自然的神秘和美好，让人心旷神怡。',	'2025-04-13 12:20:48.000000',	13,	147,	NULL),
(36,	91,	'手工制作面条很有趣，体验到了传统手工艺的魅力，做出来的面条也特别好吃。',	'2025-04-13 12:20:48.000000',	13,	133,	NULL),
(37,	91,	'老师很耐心地教导，步骤清晰易懂，第一次做面条就成功了。',	'2025-04-13 12:20:48.000000',	13,	134,	NULL),
(38,	91,	'感受到了制作美食的乐趣，也体验到了劳动的辛苦和快乐。',	'2025-04-13 12:20:48.000000',	13,	135,	NULL),
(39,	91,	'一次有趣又有意义的手工体验，推荐大家来尝试。',	'2025-04-13 12:20:48.000000',	13,	136,	NULL),
(40,	91,	'自己做的面条吃起来特别香，很有成就感。',	'2025-04-13 12:20:48.000000',	13,	137,	NULL),
(41,	92,	'豆腐制作过程很有趣，感受到了传统工艺的魅力，做出来的豆腐很嫩滑。',	'2025-04-13 12:20:48.000000',	13,	138,	NULL),
(42,	92,	'老师讲解得很详细，步骤清晰易懂，体验过程很顺利。',	'2025-04-13 12:20:48.000000',	13,	139,	NULL),
(43,	92,	'感受到了制作美食的乐趣，也了解了豆腐的制作过程。',	'2025-04-13 12:20:48.000000',	13,	140,	NULL),
(44,	92,	'一次清凉解暑的体验，自己做的豆腐吃起来特别放心。',	'2025-04-13 12:20:48.000000',	13,	141,	NULL),
(45,	92,	'推荐这个活动，可以体验传统的手工艺。',	'2025-04-13 12:20:48.000000',	13,	142,	NULL),
(46,	93,	'豆豉制作过程很复杂，但是很有趣，感受到了传统发酵食品的魅力。',	'2025-04-13 12:20:48.000000',	13,	143,	NULL),
(47,	93,	'老师很专业，讲解得很细致，学习到了很多关于豆豉的知识。',	'2025-04-13 12:20:48.000000',	13,	144,	NULL),
(48,	93,	'体验到了传统手工艺的魅力，也感受到了制作美食的耐心和细致。',	'2025-04-13 12:20:48.000000',	13,	145,	NULL),
(49,	93,	'一次很有意义的体验，了解了豆豉的制作过程和文化。',	'2025-04-13 12:20:48.000000',	13,	146,	NULL),
(50,	93,	'推荐这个活动，可以体验传统的发酵工艺。',	'2025-04-13 12:20:48.000000',	13,	147,	NULL),
(51,	94,	'乡村骑行很惬意，田野风光很美，感受到了乡村的宁静和美好。',	'2025-04-13 12:20:48.000000',	13,	133,	NULL),
(52,	94,	'骑行路线设计合理，难度适中，适合各个年龄段的人群。',	'2025-04-13 12:20:48.000000',	13,	134,	NULL),
(53,	94,	'呼吸着新鲜的空气，欣赏着美丽的田园风光，身心得到了放松。',	'2025-04-13 12:20:48.000000',	13,	135,	NULL),
(54,	94,	'一次愉快的乡村骑行体验，推荐大家来感受一下。',	'2025-04-13 12:20:48.000000',	13,	136,	NULL),
(55,	94,	'感受到了乡村的悠闲和自在，让人心情愉悦。',	'2025-04-13 12:20:48.000000',	13,	137,	NULL),
(56,	115,	'再次体验草莓采摘，依然很棒！草莓很新鲜，园主服务也很好。',	'2025-04-13 12:20:48.000000',	13,	138,	NULL),
(57,	115,	'孩子们第二次来了，还是非常喜欢，玩得很开心。',	'2025-04-13 12:20:48.000000',	13,	139,	NULL),
(58,	115,	'这次采摘的草莓个头更大，味道更甜，非常满意。',	'2025-04-13 12:20:48.000000',	13,	140,	NULL),
(59,	115,	'价格依旧合理，性价比很高，还会推荐朋友来。',	'2025-04-13 12:20:48.000000',	13,	141,	NULL),
(60,	115,	'又一次愉快的草莓采摘之旅，值得再来！',	'2025-04-13 12:20:48.000000',	13,	142,	NULL),
(61,	116,	'第二次体验陶艺，这次尝试了新的造型，老师依然很专业。',	'2025-04-13 12:20:48.000000',	13,	143,	NULL),
(62,	116,	'手工制作的过程很放松，成品也很有特色。',	'2025-04-13 12:20:48.000000',	13,	144,	NULL),
(63,	116,	'工作室的氛围依旧很好，让人可以静下心来创作。',	'2025-04-13 12:20:48.000000',	13,	145,	NULL),
(64,	116,	'对陶艺的兴趣越来越浓厚，下次还会继续来学习。',	'2025-04-13 12:20:48.000000',	13,	146,	NULL),
(65,	116,	'推荐这个陶艺体验，可以放松心情，体验手作乐趣。',	'2025-04-13 12:20:48.000000',	13,	147,	NULL),
(66,	117,	'再次参加乡村徒步，发现了新的风景，很惊喜。',	'2025-04-13 12:20:48.000000',	13,	133,	NULL),
(67,	117,	'徒步路线有所调整，更有挑战性，体验感更好。',	'2025-04-13 12:20:48.000000',	13,	134,	NULL),
(68,	117,	'领队依旧很专业，分享了很多关于当地的知识。',	'2025-04-13 12:20:48.000000',	13,	135,	NULL),
(69,	117,	'又一次很棒的徒步体验，感受到了不同的乡村风情。',	'2025-04-13 12:20:48.000000',	13,	136,	NULL),
(70,	117,	'推荐这条徒步路线，适合喜欢户外运动的朋友。',	'2025-04-13 12:20:48.000000',	13,	137,	NULL),
(71,	118,	'第二次体验农耕，这次学习了新的农活，很有趣。',	'2025-04-13 12:20:48.000000',	13,	138,	NULL),
(72,	118,	'孩子们对农耕的兴趣更浓厚了，体验很棒。',	'2025-04-13 12:20:48.000000',	13,	139,	NULL),
(73,	118,	'农场增加了新的体验项目，内容更丰富了。',	'2025-04-13 12:20:48.000000',	13,	140,	NULL),
(74,	118,	'又一次难忘的农耕体验，收获了很多。',	'2025-04-13 12:20:48.000000',	13,	141,	NULL),
(75,	118,	'推荐带孩子来体验，可以了解粮食的来之不易。',	'2025-04-13 12:20:48.000000',	13,	142,	NULL),
(76,	119,	'再次品尝农家菜，味道依旧很赞，食材新鲜。',	'2025-04-13 12:20:48.000000',	13,	143,	NULL),
(77,	119,	'这次品尝到了新的菜品，味道很惊艳。',	'2025-04-13 12:20:48.000000',	13,	144,	NULL),
(78,	119,	'用餐环境更加温馨舒适了，服务也很周到。',	'2025-04-13 12:20:48.000000',	13,	145,	NULL),
(79,	119,	'又一次愉快的乡村美食体验，推荐大家来品尝。',	'2025-04-13 12:20:48.000000',	13,	146,	NULL),
(80,	119,	'感受到了乡村的宁静和美好，美食也让人心情愉悦。',	'2025-04-13 12:20:48.000000',	13,	147,	NULL),
(81,	120,	'第二次夜观星空，这次看到了更多的星星，很震撼。',	'2025-04-13 12:20:48.000000',	13,	133,	NULL),
(82,	120,	'讲解员分享了更多有趣的天文知识，收获很多。',	'2025-04-13 12:20:48.000000',	13,	134,	NULL),
(83,	120,	'夜晚很安静，可以静静地欣赏美丽的星空。',	'2025-04-13 12:20:48.000000',	13,	135,	NULL),
(84,	120,	'又一次浪漫的星空之旅，推荐情侣一起来。',	'2025-04-13 12:20:48.000000',	13,	136,	NULL),
(85,	120,	'感受到了宇宙的浩瀚和神秘。',	'2025-04-13 12:20:48.000000',	13,	137,	NULL),
(86,	121,	'再次体验手工制作面条，这次做得更熟练了。',	'2025-04-13 12:20:48.000000',	13,	138,	NULL),
(87,	121,	'老师分享了新的面条做法，很有趣。',	'2025-04-13 12:20:48.000000',	13,	139,	NULL),
(88,	121,	'感受到了手工制作的乐趣和成就感。',	'2025-04-13 12:20:48.000000',	13,	140,	NULL),
(89,	121,	'又一次有趣的手工体验，推荐大家来尝试。',	'2025-04-13 12:20:48.000000',	13,	141,	NULL),
(90,	121,	'自己做的面条吃起来特别香。',	'2025-04-13 12:20:48.000000',	13,	142,	NULL),
(91,	122,	'再次体验豆腐制作，这次学习了新的技巧。',	'2025-04-13 12:20:48.000000',	13,	143,	NULL),
(92,	122,	'老师分享了更多关于豆腐的知识。',	'2025-04-13 12:20:48.000000',	13,	144,	NULL),
(93,	122,	'感受到了传统手工艺的魅力。',	'2025-04-13 12:20:48.000000',	13,	145,	NULL),
(94,	122,	'又一次清凉解暑的体验。',	'2025-04-13 12:20:48.000000',	13,	146,	NULL),
(95,	122,	'推荐这个活动，可以体验传统的手工艺。',	'2025-04-13 12:20:48.000000',	13,	147,	NULL),
(96,	123,	'再次体验豆豉制作，对发酵过程有了更深的了解。',	'2025-04-13 12:20:48.000000',	13,	133,	NULL),
(97,	123,	'老师分享了更多关于豆豉的文化和历史。',	'2025-04-13 12:20:48.000000',	13,	134,	NULL),
(98,	123,	'感受到了传统发酵食品的魅力。',	'2025-04-13 12:20:48.000000',	13,	135,	NULL),
(99,	123,	'又一次很有意义的体验。',	'2025-04-13 12:20:48.000000',	13,	136,	NULL),
(100,	123,	'推荐这个活动，可以了解传统的发酵工艺。',	'2025-04-13 12:20:48.000000',	13,	137,	NULL),
(101,	124,	'再次体验乡村骑行，发现了新的路线。',	'2025-04-13 12:20:48.000000',	13,	138,	NULL),
(102,	124,	'这次骑行看到了更美的风景。',	'2025-04-13 12:20:48.000000',	13,	139,	NULL),
(103,	124,	'呼吸着新鲜的空气，心情很放松。',	'2025-04-13 12:20:48.000000',	13,	140,	NULL),
(104,	124,	'又一次愉快的乡村骑行体验。',	'2025-04-13 12:20:48.000000',	13,	141,	NULL),
(105,	124,	'推荐这个活动，可以感受乡村的悠闲。',	'2025-04-13 12:20:48.000000',	13,	142,	NULL);

DROP TABLE IF EXISTS `activities_activityimage`;
CREATE TABLE `activities_activityimage` (
  `id` bigint NOT NULL AUTO_INCREMENT,
  `image` varchar(100) NOT NULL,
  `caption` varchar(200) DEFAULT NULL,
  `activity_id` bigint NOT NULL,
  PRIMARY KEY (`id`),
  KEY `activities_activityi_activity_id_869d42b9_fk_activitie` (`activity_id`),
  CONSTRAINT `activities_activityi_activity_id_869d42b9_fk_activitie` FOREIGN KEY (`activity_id`) REFERENCES `activities_activity` (`id`)
) ENGINE=InnoDB DEFAULT CHARSET=utf8mb4 COLLATE=utf8mb4_0900_ai_ci;

INSERT INTO `activities_activityimage` (`id`, `image`, `caption`, `activity_id`) VALUES
(1,	'activities/images/images1.jpg',	NULL,	1),
(2,	'activities/images/images2.1.jpg',	NULL,	2),
(3,	'activities/images/images3.1.jpg',	NULL,	3),
(4,	'activities/images/images4.1.jpg',	NULL,	4),
(5,	'activities/images/images5.1.jpg',	NULL,	5),
(6,	'activities/images/images6.1.jpg',	'端午民俗文化展 的实景照片',	6),
(7,	'activities/images/images1.2.jpg',	NULL,	1),
(8,	'activities/images/images2.2.jpg',	NULL,	2),
(9,	'activities/images/images3.2.jpg',	NULL,	3),
(10,	'activities/images/images4.2.jpg',	NULL,	4),
(11,	'activities/images/images5.2.jpg',	NULL,	5),
(12,	'activities/images/images6.2.jpg',	NULL,	6),
(23,	'backend/activities/images/images7.1.jpg',	'',	85),
(24,	'backend/activities/images/images8.1.jpg',	'',	86),
(25,	'backend/activities/images/images9.1.jpg',	'',	87),
(26,	'backend/activities/images/images10.1.jpg',	'',	88),
(27,	'backend/activities/images/images11.1.jpg',	'',	89),
(28,	'backend/activities/images/images12.1.jpg',	'',	90),
(29,	'backend/activities/images/images13.1.jpg',	'',	91),
(30,	'backend/activities/images/images14.1.jpg',	'',	92),
(31,	'backend/activities/images/images15.1.jpg',	'',	93),
(32,	'backend/activities/images/images16.1.jpg',	'',	94),
(33,	'backend/activities/images/images7.1.jpg',	'',	85),
(34,	'backend/activities/images/images8.1.jpg',	'',	86),
(35,	'backend/activities/images/images9.1.jpg',	'',	87),
(36,	'backend/activities/images/images10.1.jpg',	'',	88),
(37,	'backend/activities/images/images11.1.jpg',	'',	89),
(38,	'backend/activities/images/images12.1.jpg',	'',	90),
(39,	'backend/activities/images/images13.1.jpg',	'',	91),
(40,	'backend/activities/images/images14.1.jpg',	'',	92),
(41,	'activities/images/images4.2.jpg',	NULL,	93),
(42,	'activities/images/images1.2.jpg',	NULL,	94);

DROP TABLE IF EXISTS `activities_activitylike`;
CREATE TABLE `activities_activitylike` (
  `id` bigint NOT NULL AUTO_INCREMENT,
  `object_id` int unsigned NOT NULL,
  `liked_at` datetime(6) NOT NULL,
  `content_type_id` int NOT NULL,
  `user_id` int NOT NULL,
  PRIMARY KEY (`id`),
  UNIQUE KEY `activities_activitylike_user_id_content_type_id__8a18bb5b_uniq` (`user_id`,`content_type_id`,`object_id`),
  KEY `activities_activityl_content_type_id_a6ce1e6a_fk_django_co` (`content_type_id`),
  CONSTRAINT `activities_activityl_content_type_id_a6ce1e6a_fk_django_co` FOREIGN KEY (`content_type_id`) REFERENCES `django_content_type` (`id`),
  CONSTRAINT `activities_activitylike_user_id_8b824251_fk_auth_user_id` FOREIGN KEY (`user_id`) REFERENCES `auth_user` (`id`),
  CONSTRAINT `activities_activitylike_chk_1` CHECK ((`object_id` >= 0))
) ENGINE=InnoDB DEFAULT CHARSET=utf8mb4 COLLATE=utf8mb4_0900_ai_ci;

INSERT INTO `activities_activitylike` (`id`, `object_id`, `liked_at`, `content_type_id`, `user_id`) VALUES
(1,	1,	'2025-04-10 10:53:55.889650',	18,	2),
(2,	2,	'2025-04-10 10:54:03.057954',	18,	3),
(3,	3,	'2025-04-10 10:54:10.256135',	18,	4),
(4,	4,	'2025-04-10 10:54:16.572769',	18,	5),
(5,	5,	'2025-04-10 10:54:25.007864',	18,	6);

DROP TABLE IF EXISTS `activities_activityphoto`;
CREATE TABLE `activities_activityphoto` (
  `id` bigint NOT NULL AUTO_INCREMENT,
  `image` varchar(100) NOT NULL,
  `caption` varchar(200) DEFAULT NULL,
  `uploaded_at` datetime(6) NOT NULL,
  `activity_id` bigint NOT NULL,
  `user_id` int NOT NULL,
  PRIMARY KEY (`id`),
  KEY `activities_activityp_activity_id_a5edf268_fk_activitie` (`activity_id`),
  KEY `activities_activityphoto_user_id_5a0cc083_fk_auth_user_id` (`user_id`),
  CONSTRAINT `activities_activityp_activity_id_a5edf268_fk_activitie` FOREIGN KEY (`activity_id`) REFERENCES `activities_activity` (`id`),
  CONSTRAINT `activities_activityphoto_user_id_5a0cc083_fk_auth_user_id` FOREIGN KEY (`user_id`) REFERENCES `auth_user` (`id`)
) ENGINE=InnoDB DEFAULT CHARSET=utf8mb4 COLLATE=utf8mb4_0900_ai_ci;

INSERT INTO `activities_activityphoto` (`id`, `image`, `caption`, `uploaded_at`, `activity_id`, `user_id`) VALUES
(1,	'activities/user_photos/下载_1.jpg',	NULL,	'2025-04-10 10:56:30.187945',	1,	2),
(2,	'activities/user_photos/下载_2.jpg',	NULL,	'2025-04-10 10:56:43.239885',	2,	3),
(3,	'activities/user_photos/下载_3.jpg',	NULL,	'2025-04-10 10:57:05.983909',	3,	4),
(4,	'activities/user_photos/下载_7.jpg',	NULL,	'2025-04-10 10:57:15.354575',	4,	5),
(5,	'activities/user_photos/下载_8.jpg',	NULL,	'2025-04-10 10:57:27.556608',	5,	6),
(6,	'backend/activities/images/images7.2.jpg',	'',	'2025-04-13 01:13:00.000000',	85,	1),
(7,	'backend/activities/images/images8.2.jpg',	'',	'2025-04-13 01:13:00.000000',	86,	1),
(8,	'backend/activities/images/images9.2.jpg',	'',	'2025-04-13 01:13:00.000000',	87,	1),
(9,	'backend/activities/images/images10.2.jpg',	'',	'2025-04-13 01:13:00.000000',	88,	1),
(10,	'backend/activities/images/images11.2.jpg',	'',	'2025-04-13 01:13:00.000000',	89,	1),
(11,	'backend/activities/images/images12.2.jpg',	'',	'2025-04-13 01:13:00.000000',	90,	1),
(12,	'backend/activities/images/images13.2.jpg',	'',	'2025-04-13 01:13:00.000000',	91,	1),
(13,	'activities/images/images14.2.jpg',	'',	'2025-04-13 01:13:00.000000',	92,	1),
(14,	'activities/images/images15.2.jpg',	'',	'2025-04-13 01:13:00.000000',	93,	1),
(15,	'activities/images/images16.2.jpg',	'',	'2025-04-13 01:13:00.000000',	94,	1),
(16,	'backend/activities/images/images7.2.jpg',	'',	'2025-04-13 01:15:22.000000',	85,	1),
(17,	'backend/activities/images/images8.2.jpg',	'',	'2025-04-13 01:15:22.000000',	86,	1),
(18,	'backend/activities/images/images9.2.jpg',	'',	'2025-04-13 01:15:22.000000',	87,	1),
(19,	'backend/activities/images/images10.2.jpg',	'',	'2025-04-13 01:15:22.000000',	88,	1),
(20,	'backend/activities/images/images11.2.jpg',	'',	'2025-04-13 01:15:22.000000',	89,	1),
(21,	'backend/activities/images/images12.2.jpg',	'',	'2025-04-13 01:15:22.000000',	90,	1),
(22,	'backend/activities/images/images13.2.jpg',	'',	'2025-04-13 01:15:22.000000',	91,	1),
(23,	'activities/user_photos/images14.2.jpg',	NULL,	'2025-04-13 01:15:22.000000',	92,	1),
(24,	'activities/user_photos/images15.2.jpg',	NULL,	'2025-04-13 01:15:22.000000',	93,	1),
(25,	'activities/user_photos/images16.2.jpg',	NULL,	'2025-04-13 01:15:22.000000',	94,	1);

DROP TABLE IF EXISTS `activities_activityreview`;
CREATE TABLE `activities_activityreview` (
  `id` bigint NOT NULL AUTO_INCREMENT,
  `rating` int NOT NULL,
  `comment` longtext NOT NULL,
  `created_at` datetime(6) NOT NULL,
  `activity_id` bigint NOT NULL,
  `user_id` int NOT NULL,
  `auto_reply` longtext,
  PRIMARY KEY (`id`),
  KEY `activities_activityr_activity_id_8134ac5b_fk_activitie` (`activity_id`),
  KEY `activities_activityreview_user_id_4a13a414_fk_auth_user_id` (`user_id`),
  CONSTRAINT `activities_activityr_activity_id_8134ac5b_fk_activitie` FOREIGN KEY (`activity_id`) REFERENCES `activities_activity` (`id`),
  CONSTRAINT `activities_activityreview_user_id_4a13a414_fk_auth_user_id` FOREIGN KEY (`user_id`) REFERENCES `auth_user` (`id`)
) ENGINE=InnoDB DEFAULT CHARSET=utf8mb4 COLLATE=utf8mb4_0900_ai_ci;

INSERT INTO `activities_activityreview` (`id`, `rating`, `comment`, `created_at`, `activity_id`, `user_id`, `auto_reply`) VALUES
(1,	5,	'体验感太棒啦！！！',	'2025-04-13 12:06:00.855104',	1,	133,	NULL),
(3,	4,	'这次活动体验很棒，景色优美，讲解也很到位。',	'2025-04-13 20:13:21.000000',	1,	133,	NULL),
(4,	5,	'非常满意的一次活动，组织得很周到，下次还会参加。',	'2025-04-13 20:13:21.000000',	1,	135,	NULL),
(5,	3,	'活动还行，部分环节可以改进一下。',	'2025-04-13 20:13:21.000000',	1,	138,	NULL),
(6,	5,	'体验感很好，农户很热情，学到了很多知识。',	'2025-04-13 20:13:21.000000',	2,	140,	NULL),
(7,	4,	'活动内容丰富，适合带孩子一起来。',	'2025-04-13 20:13:21.000000',	2,	142,	NULL),
(8,	2,	'感觉一般，没有想象中的有趣。',	'2025-04-13 20:13:21.000000',	3,	145,	NULL),
(9,	3,	'凑合吧，希望下次能更好。',	'2025-04-13 20:13:21.000000',	3,	147,	NULL),
(10,	5,	'强烈推荐！非常值得参加的活动。',	'2025-04-13 20:13:21.000000',	4,	150,	NULL),
(11,	4,	'整体感觉不错，性价比高。',	'2025-04-13 20:13:21.000000',	4,	152,	NULL),
(12,	1,	'非常糟糕的体验，不会再来了。',	'2025-04-13 20:13:21.000000',	5,	155,	NULL),
(13,	2,	'有点失望，和描述的不太一样。',	'2025-04-13 20:13:21.000000',	5,	157,	NULL),
(14,	5,	'太棒了！孩子们玩得很开心。',	'2025-04-13 20:13:21.000000',	6,	160,	NULL),
(15,	4,	'活动很有意义，增长了见识。',	'2025-04-13 20:13:21.000000',	6,	134,	NULL),
(16,	5,	'风景优美，体验难忘。',	'2025-04-13 20:13:21.000000',	85,	136,	NULL),
(17,	4,	'活动安排合理，时间充足。',	'2025-04-13 20:13:21.000000',	85,	138,	NULL),
(18,	3,	'天气不太好，影响了部分体验。',	'2025-04-13 20:13:21.000000',	86,	141,	NULL),
(19,	5,	'农户很专业，讲解很生动。',	'2025-04-13 20:13:21.000000',	86,	143,	NULL),
(20,	2,	'感觉被坑了，实际体验很差。',	'2025-04-13 20:13:21.000000',	87,	146,	NULL),
(21,	3,	'就这样吧，没有特别的亮点。',	'2025-04-13 20:13:21.000000',	87,	148,	NULL),
(22,	5,	'非常喜欢这次活动，收获满满。',	'2025-04-13 20:13:21.000000',	88,	151,	NULL),
(23,	4,	'体验很好，还会推荐给朋友。',	'2025-04-13 20:13:21.000000',	88,	153,	NULL),
(24,	1,	'简直是浪费时间。',	'2025-04-13 20:13:21.000000',	89,	156,	NULL),
(25,	2,	'不太满意，很多地方需要改进。',	'2025-04-13 20:13:21.000000',	89,	137,	NULL),
(26,	5,	'一次完美的乡村体验！',	'2025-04-13 20:13:21.000000',	90,	139,	NULL),
(27,	4,	'活动很有趣，学到了很多农业知识。',	'2025-04-13 20:13:21.000000',	90,	144,	NULL),
(28,	3,	'一般般，没有太大的惊喜。',	'2025-04-13 20:13:21.000000',	91,	146,	NULL),
(29,	5,	'非常值得参与的活动，强烈推荐！',	'2025-04-13 20:13:21.000000',	91,	149,	NULL),
(30,	2,	'体验很差，服务态度不好。',	'2025-04-13 20:13:21.000000',	92,	151,	NULL),
(31,	3,	'勉强可以，希望下次能更好。',	'2025-04-13 20:13:21.000000',	92,	154,	NULL),
(32,	5,	'活动内容丰富多彩，非常有趣。',	'2025-04-13 20:13:21.000000',	93,	133,	NULL),
(33,	4,	'组织得很用心，体验感不错。',	'2025-04-13 20:13:21.000000',	93,	135,	NULL),
(34,	1,	'不推荐，体验非常糟糕。',	'2025-04-13 20:13:21.000000',	94,	138,	NULL),
(35,	2,	'和想象中的差距很大。',	'2025-04-13 20:13:21.000000',	94,	140,	NULL),
(36,	5,	'非常棒的体验，下次还会再来。',	'2025-04-13 20:13:21.000000',	115,	142,	NULL),
(37,	4,	'活动流程顺畅，体验很好。',	'2025-04-13 20:13:21.000000',	115,	145,	NULL),
(38,	3,	'活动还可以，部分设施需要维护。',	'2025-04-13 20:13:21.000000',	116,	147,	NULL),
(39,	5,	'强烈推荐！物超所值。',	'2025-04-13 20:13:21.000000',	116,	150,	NULL),
(40,	2,	'体验很差，感觉被骗了。',	'2025-04-13 20:13:21.000000',	117,	152,	NULL),
(41,	3,	'一般般，没有特别的惊喜。',	'2025-04-13 20:13:21.000000',	117,	155,	NULL),
(42,	5,	'一次愉快的乡村体验。',	'2025-04-13 20:13:21.000000',	118,	157,	NULL),
(43,	4,	'活动很有趣，适合放松心情。',	'2025-04-13 20:13:21.000000',	118,	136,	NULL),
(44,	1,	'非常不满意，服务态度极差。',	'2025-04-13 20:13:21.000000',	119,	138,	NULL),
(45,	2,	'感觉很失望，不会推荐给别人。',	'2025-04-13 20:13:21.000000',	119,	141,	NULL),
(46,	5,	'太喜欢这次活动了！',	'2025-04-13 20:13:21.000000',	120,	143,	NULL),
(47,	4,	'活动体验不错，值得一试。',	'2025-04-13 20:13:21.000000',	120,	146,	NULL),
(48,	3,	'活动内容比较简单，可以更丰富一些。',	'2025-04-13 20:13:21.000000',	121,	148,	NULL),
(49,	5,	'非常棒！工作人员很热情。',	'2025-04-13 20:13:21.000000',	121,	151,	NULL),
(50,	2,	'体验很糟糕，环境很差。',	'2025-04-13 20:13:21.000000',	122,	153,	NULL),
(51,	3,	'凑合，没有特别吸引人的地方。',	'2025-04-13 20:13:21.000000',	122,	156,	NULL),
(52,	5,	'强烈推荐！体验非常棒！',	'2025-04-13 20:13:21.000000',	123,	137,	NULL),
(53,	4,	'活动很有趣，孩子们很喜欢。',	'2025-04-13 20:13:21.000000',	123,	139,	NULL),
(54,	1,	'简直是浪费钱。',	'2025-04-13 20:13:21.000000',	124,	144,	NULL),
(55,	2,	'体验很不好，不会再参加了。',	'2025-04-13 20:13:21.000000',	124,	146,	''),
(56,	1,	'体验感不是很好。',	'2025-04-15 15:32:07.803116',	1,	88,	'尊敬的客户：\r\n\r\n非常感谢您参与我们的\"春耕开犁节\"活动，并对我们提出宝贵的反馈意见。对于您在活动中体验不佳的情况，我们深感歉意。\r\n\r\n我们非常重视每一位参与者的感受，您的反馈将帮助我们更好地改进活动质量。我们已经将您的意见转达给活动策划团队，将认真分析问题所在，并在后续活动中加以完善。\r\n\r\n再次为给您带来的不愉快体验表示诚挚的歉意。如果您愿意分享更多具体建议，我们将非常感激。期待未来能有机会为您提供更好的活动体验。\r\n\r\n祝您生活愉快！\r\n\r\n[活动主办方名称] 敬上'),
(60,	1,	'活动不好',	'2025-04-15 15:56:29.586816',	2,	89,	'尊敬的顾客您好，\n\n非常感谢您抽出时间参与我们的“油菜花田音乐节”并留下宝贵意见。对于未能达到您的期待，我们深感歉意。\n\n我们非常重视每一位参与者的体验感受。您提到的“活动不好”让我们意识到在活动策划和执行中可能存在不足之处，这为我们提供了宝贵的改进方向。\n\n为了更好地提升活动品质，我们诚挚地邀请您通过私信或客服渠道分享更具体的建议。您的每一条反馈都将帮助我们完善未来的活动体验。\n\n再次感谢您的直言相告，这让我们有机会做得更好。期待未来能为您呈现更优质的活动体验。\n\n此致\n敬礼\n\n油菜花田音乐节组委会\n\n活动主办方：famer_2 敬上');

DROP TABLE IF EXISTS `activities_reservation`;
CREATE TABLE `activities_reservation` (
  `id` bigint NOT NULL AUTO_INCREMENT,
  `reservation_date` date NOT NULL,
  `contact_name` varchar(100) NOT NULL,
  `contact_phone` varchar(20) NOT NULL,
  `status` varchar(20) NOT NULL,
  `created_at` datetime(6) NOT NULL,
  `activity_id` bigint NOT NULL,
  `user_id` int NOT NULL,
  PRIMARY KEY (`id`),
  KEY `activities_reservati_activity_id_7483f963_fk_activitie` (`activity_id`),
  KEY `activities_reservation_user_id_0a7e3218_fk_auth_user_id` (`user_id`),
  CONSTRAINT `activities_reservati_activity_id_7483f963_fk_activitie` FOREIGN KEY (`activity_id`) REFERENCES `activities_activity` (`id`),
  CONSTRAINT `activities_reservation_user_id_0a7e3218_fk_auth_user_id` FOREIGN KEY (`user_id`) REFERENCES `auth_user` (`id`)
) ENGINE=InnoDB DEFAULT CHARSET=utf8mb4 COLLATE=utf8mb4_0900_ai_ci;

INSERT INTO `activities_reservation` (`id`, `reservation_date`, `contact_name`, `contact_phone`, `status`, `created_at`, `activity_id`, `user_id`) VALUES
(1,	'2025-05-01',	'游客 133',	'13300000000',	'pending',	'2025-04-13 14:49:37.000000',	1,	133),
(2,	'2025-05-01',	'游客 135',	'13500000000',	'pending',	'2025-04-13 14:49:37.000000',	1,	135),
(3,	'2025-05-02',	'游客 138',	'13800000000',	'pending',	'2025-04-13 14:49:37.000000',	1,	138),
(4,	'2025-05-03',	'游客 140',	'14000000000',	'pending',	'2025-04-13 14:49:37.000000',	2,	140),
(5,	'2025-05-03',	'游客 142',	'14200000000',	'pending',	'2025-04-13 14:49:37.000000',	2,	142),
(6,	'2025-05-04',	'游客 145',	'14500000000',	'pending',	'2025-04-13 14:49:37.000000',	3,	145),
(7,	'2025-05-04',	'游客 147',	'14700000000',	'pending',	'2025-04-13 14:49:37.000000',	3,	147),
(8,	'2025-05-05',	'游客 150',	'15000000000',	'pending',	'2025-04-13 14:49:37.000000',	4,	150),
(9,	'2025-05-05',	'游客 152',	'15200000000',	'pending',	'2025-04-13 14:49:37.000000',	4,	152),
(10,	'2025-05-06',	'游客 155',	'15500000000',	'pending',	'2025-04-13 14:49:37.000000',	5,	155),
(11,	'2025-05-06',	'游客 157',	'15700000000',	'pending',	'2025-04-13 14:49:37.000000',	5,	157),
(12,	'2025-05-07',	'游客 160',	'16000000000',	'pending',	'2025-04-13 14:49:37.000000',	6,	160),
(13,	'2025-05-07',	'游客 162',	'16200000000',	'pending',	'2025-04-13 14:49:37.000000',	6,	162),
(14,	'2025-05-08',	'游客 165',	'16500000000',	'pending',	'2025-04-13 14:49:37.000000',	85,	165),
(15,	'2025-05-08',	'游客 167',	'16700000000',	'pending',	'2025-04-13 14:49:37.000000',	85,	167),
(16,	'2025-05-09',	'游客 170',	'17000000000',	'pending',	'2025-04-13 14:49:37.000000',	86,	170),
(17,	'2025-05-09',	'游客 172',	'17200000000',	'pending',	'2025-04-13 14:49:37.000000',	86,	172),
(18,	'2025-05-10',	'游客 175',	'17500000000',	'pending',	'2025-04-13 14:49:37.000000',	87,	175),
(19,	'2025-05-10',	'游客 177',	'17700000000',	'pending',	'2025-04-13 14:49:37.000000',	87,	177),
(20,	'2025-05-11',	'游客 180',	'18000000000',	'pending',	'2025-04-13 14:49:37.000000',	88,	180),
(21,	'2025-05-11',	'游客 182',	'18200000000',	'pending',	'2025-04-13 14:49:37.000000',	88,	182),
(22,	'2025-05-12',	'游客 185',	'18500000000',	'pending',	'2025-04-13 14:49:37.000000',	89,	185),
(23,	'2025-05-12',	'游客 133',	'13300000000',	'pending',	'2025-04-13 14:49:37.000000',	89,	133),
(24,	'2025-05-13',	'游客 136',	'13600000000',	'pending',	'2025-04-13 14:49:37.000000',	90,	136),
(25,	'2025-05-13',	'游客 138',	'13800000000',	'pending',	'2025-04-13 14:49:37.000000',	90,	138),
(26,	'2025-05-14',	'游客 141',	'14100000000',	'pending',	'2025-04-13 14:49:37.000000',	91,	141),
(27,	'2025-05-14',	'游客 143',	'14300000000',	'pending',	'2025-04-13 14:49:37.000000',	91,	143),
(28,	'2025-05-15',	'游客 146',	'14600000000',	'pending',	'2025-04-13 14:49:37.000000',	92,	146),
(29,	'2025-05-15',	'游客 148',	'14800000000',	'pending',	'2025-04-13 14:49:37.000000',	92,	148),
(30,	'2025-05-16',	'游客 151',	'15100000000',	'pending',	'2025-04-13 14:49:37.000000',	93,	151),
(31,	'2025-05-16',	'游客 153',	'15300000000',	'pending',	'2025-04-13 14:49:37.000000',	93,	153),
(32,	'2025-05-17',	'游客 156',	'15600000000',	'pending',	'2025-04-13 14:49:37.000000',	94,	156),
(33,	'2025-05-17',	'游客 158',	'15800000000',	'pending',	'2025-04-13 14:49:37.000000',	94,	158),
(34,	'2025-05-18',	'游客 161',	'16100000000',	'pending',	'2025-04-13 14:49:37.000000',	115,	161),
(35,	'2025-05-18',	'游客 163',	'16300000000',	'pending',	'2025-04-13 14:49:37.000000',	115,	163),
(36,	'2025-05-19',	'游客 166',	'16600000000',	'pending',	'2025-04-13 14:49:37.000000',	116,	166),
(37,	'2025-05-19',	'游客 168',	'16800000000',	'pending',	'2025-04-13 14:49:37.000000',	116,	168),
(38,	'2025-05-20',	'游客 171',	'17100000000',	'pending',	'2025-04-13 14:49:37.000000',	117,	171),
(39,	'2025-05-20',	'游客 173',	'17300000000',	'pending',	'2025-04-13 14:49:37.000000',	117,	173),
(40,	'2025-05-21',	'游客 176',	'17600000000',	'pending',	'2025-04-13 14:49:37.000000',	118,	176),
(41,	'2025-05-21',	'游客 178',	'17800000000',	'pending',	'2025-04-13 14:49:37.000000',	118,	178),
(42,	'2025-05-22',	'游客 181',	'18100000000',	'pending',	'2025-04-13 14:49:37.000000',	119,	181),
(43,	'2025-05-22',	'游客 183',	'18300000000',	'pending',	'2025-04-13 14:49:37.000000',	119,	183),
(44,	'2025-05-23',	'游客 186',	'18600000000',	'pending',	'2025-04-13 14:49:37.000000',	120,	186),
(45,	'2025-05-23',	'游客 134',	'13400000000',	'pending',	'2025-04-13 14:49:37.000000',	120,	134),
(46,	'2025-05-24',	'游客 137',	'13700000000',	'pending',	'2025-04-13 14:49:37.000000',	121,	137),
(47,	'2025-05-24',	'游客 139',	'13900000000',	'pending',	'2025-04-13 14:49:37.000000',	121,	139),
(48,	'2025-05-25',	'游客 144',	'14400000000',	'pending',	'2025-04-13 14:49:37.000000',	122,	144),
(49,	'2025-05-25',	'游客 146',	'14600000000',	'pending',	'2025-04-13 14:49:37.000000',	122,	146),
(50,	'2025-05-26',	'游客 149',	'14900000000',	'pending',	'2025-04-13 14:49:37.000000',	123,	149),
(51,	'2025-05-26',	'游客 151',	'15100000000',	'pending',	'2025-04-13 14:49:37.000000',	123,	151),
(52,	'2025-05-27',	'游客 154',	'15400000000',	'pending',	'2025-04-13 14:49:37.000000',	124,	154),
(53,	'2025-05-27',	'游客 156',	'15600000000',	'pending',	'2025-04-13 14:49:37.000000',	124,	156);

DROP TABLE IF EXISTS `activities_tag`;
CREATE TABLE `activities_tag` (
  `id` bigint NOT NULL AUTO_INCREMENT,
  `name` varchar(50) NOT NULL,
  PRIMARY KEY (`id`),
  UNIQUE KEY `name` (`name`)
) ENGINE=InnoDB DEFAULT CHARSET=utf8mb4 COLLATE=utf8mb4_0900_ai_ci;

INSERT INTO `activities_tag` (`id`, `name`) VALUES
(6,	'丰收'),
(50,	'互动'),
(2,	'亲子体验'),
(48,	'众包'),
(53,	'传播'),
(30,	'养生'),
(26,	'农事'),
(1,	'农耕文化'),
(47,	'创意'),
(39,	'古镇'),
(7,	'夜游'),
(27,	'定制'),
(20,	'小吃'),
(14,	'山货'),
(44,	'巴士'),
(13,	'年味'),
(52,	'影视'),
(38,	'徒步'),
(21,	'手作'),
(41,	'手工艺'),
(5,	'摄影'),
(17,	'文创'),
(49,	'方言'),
(25,	'星空'),
(22,	'有机'),
(12,	'民俗'),
(32,	'民族风'),
(40,	'水乡'),
(9,	'汉服'),
(33,	'海钓'),
(34,	'海鲜'),
(31,	'牧场'),
(42,	'生态'),
(23,	'电商'),
(15,	'盲盒'),
(19,	'直播'),
(37,	'研学'),
(28,	'禅修'),
(51,	'稻田'),
(35,	'竞技'),
(45,	'竞赛'),
(36,	'红色'),
(8,	'美食'),
(43,	'自驾'),
(16,	'艺术'),
(3,	'花海'),
(29,	'茶文化'),
(46,	'设计'),
(11,	'赏花'),
(18,	'采摘'),
(24,	'露营'),
(10,	'非遗'),
(4,	'音乐');

DROP TABLE IF EXISTS `auth_group`;
CREATE TABLE `auth_group` (
  `id` int NOT NULL AUTO_INCREMENT,
  `name` varchar(150) NOT NULL,
  PRIMARY KEY (`id`),
  UNIQUE KEY `name` (`name`)
) ENGINE=InnoDB DEFAULT CHARSET=utf8mb4 COLLATE=utf8mb4_0900_ai_ci;

INSERT INTO `auth_group` (`id`, `name`) VALUES
(3,	'农户'),
(2,	'游客'),
(1,	'管理员');

DROP TABLE IF EXISTS `auth_group_permissions`;
CREATE TABLE `auth_group_permissions` (
  `id` bigint NOT NULL AUTO_INCREMENT,
  `group_id` int NOT NULL,
  `permission_id` int NOT NULL,
  PRIMARY KEY (`id`),
  UNIQUE KEY `auth_group_permissions_group_id_permission_id_0cd325b0_uniq` (`group_id`,`permission_id`),
  KEY `auth_group_permissio_permission_id_84c5c92e_fk_auth_perm` (`permission_id`),
  CONSTRAINT `auth_group_permissio_permission_id_84c5c92e_fk_auth_perm` FOREIGN KEY (`permission_id`) REFERENCES `auth_permission` (`id`),
  CONSTRAINT `auth_group_permissions_group_id_b120cbf9_fk_auth_group_id` FOREIGN KEY (`group_id`) REFERENCES `auth_group` (`id`)
) ENGINE=InnoDB DEFAULT CHARSET=utf8mb4 COLLATE=utf8mb4_0900_ai_ci;

INSERT INTO `auth_group_permissions` (`id`, `group_id`, `permission_id`) VALUES
(1,	1,	1),
(2,	1,	2),
(3,	1,	3),
(4,	1,	4),
(5,	1,	5),
(6,	1,	6),
(7,	1,	7),
(8,	1,	8),
(9,	1,	9),
(10,	1,	10),
(11,	1,	11),
(12,	1,	12),
(13,	1,	13),
(14,	1,	14),
(15,	1,	15),
(16,	1,	16),
(17,	1,	17),
(18,	1,	18),
(19,	1,	19),
(20,	1,	20),
(21,	1,	21),
(22,	1,	22),
(23,	1,	23),
(24,	1,	24),
(25,	1,	25),
(26,	1,	26),
(27,	1,	27),
(28,	1,	28),
(29,	1,	29),
(30,	1,	30),
(31,	1,	31),
(32,	1,	32),
(33,	1,	33),
(34,	1,	34),
(35,	1,	35),
(36,	1,	36),
(37,	1,	37),
(38,	1,	38),
(39,	1,	39),
(40,	1,	40),
(41,	1,	41),
(42,	1,	42),
(43,	1,	43),
(44,	1,	44),
(45,	1,	45),
(46,	1,	46),
(47,	1,	47),
(48,	1,	48),
(49,	1,	49),
(50,	1,	50),
(51,	1,	51),
(52,	1,	52),
(53,	1,	53),
(54,	1,	54),
(55,	1,	55),
(56,	1,	56),
(57,	1,	57),
(58,	1,	58),
(59,	1,	59),
(60,	1,	60),
(61,	1,	61),
(62,	1,	62),
(63,	1,	63),
(64,	1,	64),
(65,	1,	65),
(66,	1,	66),
(67,	1,	67),
(68,	1,	68),
(69,	1,	69),
(70,	1,	70),
(71,	1,	71),
(72,	1,	72),
(73,	1,	73),
(74,	1,	74),
(75,	1,	75),
(76,	1,	76),
(77,	1,	77),
(78,	1,	78),
(79,	1,	79),
(80,	1,	80),
(81,	1,	81),
(82,	1,	82),
(83,	1,	83),
(84,	1,	84),
(85,	1,	85),
(86,	1,	86),
(87,	1,	87),
(88,	1,	88),
(89,	1,	89),
(90,	1,	90),
(91,	1,	91),
(92,	1,	92),
(173,	1,	93),
(174,	1,	94),
(175,	1,	95),
(176,	1,	96),
(177,	1,	97),
(178,	1,	98),
(179,	1,	99),
(180,	1,	100),
(181,	1,	101),
(182,	1,	102),
(183,	1,	103),
(184,	1,	104),
(185,	1,	105),
(186,	1,	106),
(187,	1,	107),
(188,	1,	108),
(189,	1,	109),
(190,	1,	110),
(191,	1,	111),
(192,	1,	112),
(193,	1,	113),
(194,	1,	114),
(195,	1,	115),
(196,	1,	116),
(209,	2,	17),
(210,	2,	18),
(211,	2,	19),
(212,	2,	20),
(93,	2,	21),
(94,	2,	22),
(95,	2,	23),
(96,	2,	24),
(97,	2,	28),
(98,	2,	29),
(99,	2,	30),
(100,	2,	31),
(101,	2,	32),
(168,	2,	36),
(102,	2,	37),
(103,	2,	38),
(104,	2,	39),
(105,	2,	40),
(169,	2,	44),
(106,	2,	45),
(107,	2,	46),
(108,	2,	47),
(109,	2,	48),
(110,	2,	49),
(111,	2,	50),
(112,	2,	51),
(113,	2,	52),
(172,	2,	56),
(114,	2,	57),
(115,	2,	58),
(116,	2,	59),
(117,	2,	60),
(118,	2,	61),
(119,	2,	62),
(120,	2,	63),
(121,	2,	64),
(122,	2,	65),
(123,	2,	66),
(124,	2,	67),
(125,	2,	68),
(208,	2,	69),
(126,	2,	70),
(127,	2,	71),
(128,	2,	72),
(170,	2,	76),
(171,	2,	80),
(129,	2,	81),
(130,	2,	82),
(131,	2,	83),
(132,	2,	84),
(202,	2,	93),
(203,	2,	94),
(204,	2,	95),
(197,	2,	96),
(198,	2,	97),
(199,	2,	98),
(200,	2,	99),
(201,	2,	100),
(133,	3,	17),
(134,	3,	18),
(135,	3,	19),
(136,	3,	20),
(205,	3,	21),
(206,	3,	22),
(207,	3,	23),
(137,	3,	24),
(138,	3,	25),
(139,	3,	26),
(140,	3,	27),
(141,	3,	28),
(142,	3,	33),
(143,	3,	34),
(144,	3,	35),
(145,	3,	36),
(146,	3,	37),
(147,	3,	38),
(148,	3,	39),
(149,	3,	40),
(150,	3,	41),
(151,	3,	42),
(152,	3,	43),
(153,	3,	44),
(154,	3,	53),
(155,	3,	54),
(156,	3,	55),
(157,	3,	56),
(158,	3,	68),
(159,	3,	73),
(160,	3,	74),
(161,	3,	75),
(162,	3,	76),
(163,	3,	77),
(164,	3,	78),
(165,	3,	79),
(166,	3,	80),
(167,	3,	84);

DROP TABLE IF EXISTS `auth_permission`;
CREATE TABLE `auth_permission` (
  `id` int NOT NULL AUTO_INCREMENT,
  `name` varchar(255) NOT NULL,
  `content_type_id` int NOT NULL,
  `codename` varchar(100) NOT NULL,
  PRIMARY KEY (`id`),
  UNIQUE KEY `auth_permission_content_type_id_codename_01ab375a_uniq` (`content_type_id`,`codename`),
  CONSTRAINT `auth_permission_content_type_id_2f476e4b_fk_django_co` FOREIGN KEY (`content_type_id`) REFERENCES `django_content_type` (`id`)
) ENGINE=InnoDB DEFAULT CHARSET=utf8mb4 COLLATE=utf8mb4_0900_ai_ci;

INSERT INTO `auth_permission` (`id`, `name`, `content_type_id`, `codename`) VALUES
(1,	'Can add log entry',	1,	'add_logentry'),
(2,	'Can change log entry',	1,	'change_logentry'),
(3,	'Can delete log entry',	1,	'delete_logentry'),
(4,	'Can view log entry',	1,	'view_logentry'),
(5,	'Can add permission',	2,	'add_permission'),
(6,	'Can change permission',	2,	'change_permission'),
(7,	'Can delete permission',	2,	'delete_permission'),
(8,	'Can view permission',	2,	'view_permission'),
(9,	'Can add group',	3,	'add_group'),
(10,	'Can change group',	3,	'change_group'),
(11,	'Can delete group',	3,	'delete_group'),
(12,	'Can view group',	3,	'view_group'),
(13,	'Can add user',	4,	'add_user'),
(14,	'Can change user',	4,	'change_user'),
(15,	'Can delete user',	4,	'delete_user'),
(16,	'Can view user',	4,	'view_user'),
(17,	'Can add content type',	5,	'add_contenttype'),
(18,	'Can change content type',	5,	'change_contenttype'),
(19,	'Can delete content type',	5,	'delete_contenttype'),
(20,	'Can view content type',	5,	'view_contenttype'),
(21,	'Can add session',	6,	'add_session'),
(22,	'Can change session',	6,	'change_session'),
(23,	'Can delete session',	6,	'delete_session'),
(24,	'Can view session',	6,	'view_session'),
(25,	'Can add farmer profile',	7,	'add_farmerprofile'),
(26,	'Can change farmer profile',	7,	'change_farmerprofile'),
(27,	'Can delete farmer profile',	7,	'delete_farmerprofile'),
(28,	'Can view farmer profile',	7,	'view_farmerprofile'),
(29,	'Can add tourist profile',	8,	'add_touristprofile'),
(30,	'Can change tourist profile',	8,	'change_touristprofile'),
(31,	'Can delete tourist profile',	8,	'delete_touristprofile'),
(32,	'Can view tourist profile',	8,	'view_touristprofile'),
(33,	'Can add activity category',	9,	'add_activitycategory'),
(34,	'Can change activity category',	9,	'change_activitycategory'),
(35,	'Can delete activity category',	9,	'delete_activitycategory'),
(36,	'Can view activity category',	9,	'view_activitycategory'),
(37,	'Can add tag',	10,	'add_tag'),
(38,	'Can change tag',	10,	'change_tag'),
(39,	'Can delete tag',	10,	'delete_tag'),
(40,	'Can view tag',	10,	'view_tag'),
(41,	'Can add activity',	11,	'add_activity'),
(42,	'Can change activity',	11,	'change_activity'),
(43,	'Can delete activity',	11,	'delete_activity'),
(44,	'Can view activity',	11,	'view_activity'),
(45,	'Can add activity check in',	12,	'add_activitycheckin'),
(46,	'Can change activity check in',	12,	'change_activitycheckin'),
(47,	'Can delete activity check in',	12,	'delete_activitycheckin'),
(48,	'Can view activity check in',	12,	'view_activitycheckin'),
(49,	'Can add activity comment',	13,	'add_activitycomment'),
(50,	'Can change activity comment',	13,	'change_activitycomment'),
(51,	'Can delete activity comment',	13,	'delete_activitycomment'),
(52,	'Can view activity comment',	13,	'view_activitycomment'),
(53,	'Can add activity image',	14,	'add_activityimage'),
(54,	'Can change activity image',	14,	'change_activityimage'),
(55,	'Can delete activity image',	14,	'delete_activityimage'),
(56,	'Can view activity image',	14,	'view_activityimage'),
(57,	'Can add activity photo',	15,	'add_activityphoto'),
(58,	'Can change activity photo',	15,	'change_activityphoto'),
(59,	'Can delete activity photo',	15,	'delete_activityphoto'),
(60,	'Can view activity photo',	15,	'view_activityphoto'),
(61,	'Can add activity review',	16,	'add_activityreview'),
(62,	'Can change activity review',	16,	'change_activityreview'),
(63,	'Can delete activity review',	16,	'delete_activityreview'),
(64,	'Can view activity review',	16,	'view_activityreview'),
(65,	'Can add reservation',	17,	'add_reservation'),
(66,	'Can change reservation',	17,	'change_reservation'),
(67,	'Can delete reservation',	17,	'delete_reservation'),
(68,	'Can view reservation',	17,	'view_reservation'),
(69,	'Can add activity like',	18,	'add_activitylike'),
(70,	'Can change activity like',	18,	'change_activitylike'),
(71,	'Can delete activity like',	18,	'delete_activitylike'),
(72,	'Can view activity like',	18,	'view_activitylike'),
(73,	'Can add product',	19,	'add_product'),
(74,	'Can change product',	19,	'change_product'),
(75,	'Can delete product',	19,	'delete_product'),
(76,	'Can view product',	19,	'view_product'),
(77,	'Can add product image',	20,	'add_productimage'),
(78,	'Can change product image',	20,	'change_productimage'),
(79,	'Can delete product image',	20,	'delete_productimage'),
(80,	'Can view product image',	20,	'view_productimage'),
(81,	'Can add product inquiry',	21,	'add_productinquiry'),
(82,	'Can change product inquiry',	21,	'change_productinquiry'),
(83,	'Can delete product inquiry',	21,	'delete_productinquiry'),
(84,	'Can view product inquiry',	21,	'view_productinquiry'),
(85,	'Can add system announcement',	22,	'add_systemannouncement'),
(86,	'Can change system announcement',	22,	'change_systemannouncement'),
(87,	'Can delete system announcement',	22,	'delete_systemannouncement'),
(88,	'Can view system announcement',	22,	'view_systemannouncement'),
(89,	'Can add home page order',	23,	'add_homepageorder'),
(90,	'Can change home page order',	23,	'change_homepageorder'),
(91,	'Can delete home page order',	23,	'delete_homepageorder'),
(92,	'Can view home page order',	23,	'view_homepageorder'),
(93,	'Can add 购物车',	24,	'add_cart'),
(94,	'Can change 购物车',	24,	'change_cart'),
(95,	'Can delete 购物车',	24,	'delete_cart'),
(96,	'Can view 购物车',	24,	'view_cart'),
(97,	'Can add 购物车商品项',	25,	'add_cartitem'),
(98,	'Can change 购物车商品项',	25,	'change_cartitem'),
(99,	'Can delete 购物车商品项',	25,	'delete_cartitem'),
(100,	'Can view 购物车商品项',	25,	'view_cartitem'),
(101,	'Can add Token',	26,	'add_token'),
(102,	'Can change Token',	26,	'change_token'),
(103,	'Can delete Token',	26,	'delete_token'),
(104,	'Can view Token',	26,	'view_token'),
(105,	'Can add Token',	27,	'add_tokenproxy'),
(106,	'Can change Token',	27,	'change_tokenproxy'),
(107,	'Can delete Token',	27,	'delete_tokenproxy'),
(108,	'Can view Token',	27,	'view_tokenproxy'),
(109,	'Can add 操作日志',	28,	'add_auditlog'),
(110,	'Can change 操作日志',	28,	'change_auditlog'),
(111,	'Can delete 操作日志',	28,	'delete_auditlog'),
(112,	'Can view 操作日志',	28,	'view_auditlog'),
(113,	'Can add 内容审核',	29,	'add_contentreview'),
(114,	'Can change 内容审核',	29,	'change_contentreview'),
(115,	'Can delete 内容审核',	29,	'delete_contentreview'),
(116,	'Can view 内容审核',	29,	'view_contentreview');

DROP TABLE IF EXISTS `auth_user`;
CREATE TABLE `auth_user` (
  `id` int NOT NULL AUTO_INCREMENT,
  `password` varchar(128) NOT NULL,
  `last_login` datetime(6) DEFAULT NULL,
  `is_superuser` tinyint(1) NOT NULL,
  `username` varchar(150) NOT NULL,
  `first_name` varchar(150) NOT NULL,
  `last_name` varchar(150) NOT NULL,
  `email` varchar(254) NOT NULL,
  `is_staff` tinyint(1) NOT NULL,
  `is_active` tinyint(1) NOT NULL,
  `date_joined` datetime(6) NOT NULL,
  PRIMARY KEY (`id`),
  UNIQUE KEY `username` (`username`)
) ENGINE=InnoDB DEFAULT CHARSET=utf8mb4 COLLATE=utf8mb4_0900_ai_ci;

INSERT INTO `auth_user` (`id`, `password`, `last_login`, `is_superuser`, `username`, `first_name`, `last_name`, `email`, `is_staff`, `is_active`, `date_joined`) VALUES
(1,	'pbkdf2_sha256$870000$vxWCprkmcfvLmfZJGSbHqC$5ggXGHb2NbuioQnGN1rO2JBl1gv1MHH2BApym3oqlek=',	'2025-04-09 18:27:00.000000',	1,	'2145',	'',	'',	'',	1,	1,	'2025-04-09 18:27:00.000000'),
(2,	'pbkdf2_sha256$870000$3kmQD11q0zuISCUES8vL9F$/WvP7cEu/lgLP76cKzja/P8bwkp1TH2lyxta3xHrgmY=',	NULL,	0,	'user_001',	'',	'',	'',	0,	1,	'2025-04-10 04:11:41.000000'),
(3,	'pbkdf2_sha256$870000$5sxD7kd3Dgqji4JGUyDfH3$J2i5adIlDkcpKdtepMetpRAHibhuyuUEvCDArHrMMhg=',	NULL,	0,	'user_002',	'',	'',	'',	0,	1,	'2025-04-10 04:13:47.000000'),
(4,	'pbkdf2_sha256$870000$edEoSAQgoqEd8K2PTu0p8F$AkqK/ExAOiumkAoeK6D70s/g4eV3XT8R/eUmWi8ZtpU=',	NULL,	0,	'user_003',	'',	'',	'',	0,	1,	'2025-04-10 04:14:40.000000'),
(5,	'pbkdf2_sha256$870000$jNj5TZYi0nWX9lVoIut7cJ$RpVaxtezwGHTT2sFzjakWLHxPGchpBrWrwWzOxbYXq0=',	NULL,	0,	'user_004',	'',	'',	'',	0,	1,	'2025-04-10 04:15:39.000000'),
(6,	'pbkdf2_sha256$870000$LcCUvnrqEAupcY0QoT8jaq$vT11ka5nLkHGWaoX1i2tnjNlFDFmsza6AefhessFdTY=',	NULL,	0,	'user_005',	'',	'',	'',	0,	1,	'2025-04-10 04:16:52.000000'),
(8,	'pbkdf2_sha256$870000$evyKe9hWsdaTh6ZJLciB9b$LbPKRuF48wxcEmT/tMaPkC7SgISgKgmj98HdsILeaOQ=',	NULL,	0,	'famer_1',	'',	'',	'',	0,	1,	'2025-04-11 07:58:00.000000'),
(9,	'pbkdf2_sha256$870000$RQb5jsWLcPPmJk7MKS89hM$WwdTVxDjtZmoHZfAQ/99tk4hOY+xj6g6hbF1aDr/+Jw=',	NULL,	0,	'famer_2',	'',	'',	'',	0,	1,	'2025-04-11 07:59:00.000000'),
(10,	'pbkdf2_sha256$870000$UESww1bVyRl3TtuKkWRWsa$T3z+wVgrQEl3QtETuwznWyKOXZSbfuoUCzYw8JxQz0s=',	NULL,	0,	'famer_3',	'',	'',	'',	0,	1,	'2025-04-11 07:59:00.000000'),
(11,	'pbkdf2_sha256$870000$UQAIzznc51o012La9w0UnP$ChLoEEKlno60rgKT8+EKSsEAeBMFegzAHTdhrJqTIJo=',	NULL,	0,	'famer_4',	'',	'',	'',	0,	1,	'2025-04-11 08:00:55.972462'),
(12,	'pbkdf2_sha256$870000$4waSKmMeOK7bwWGJSqsHNv$oZszgajvK9/R50Qb7Z2kEuB1WrA+j/8PpzywyM4ldhY=',	NULL,	0,	'famer_5',	'',	'',	'',	0,	1,	'2025-04-11 08:01:36.889102'),
(88,	'pbkdf2_sha256$870000$1Hn6qQgEaOLLtnjet3cYAe$Gy8RV9k/IgOOA5dkd8UUVwG6hxJnYMieu7n5umSvLi4=',	NULL,	0,	'farmer_custom_01',	'丽娟',	'陈',	'farmer_custom_01@example.com',	0,	1,	'2025-04-12 08:24:12.739205'),
(89,	'pbkdf2_sha256$870000$w4OOzi80DUqA5b7rZuVWoY$tQtnpaUnHXfIerQ9+FbJFhHVNNxhkMw98mLrua9xu04=',	NULL,	0,	'farmer_custom_02',	'艳',	'邓',	'farmer_custom_02@example.com',	0,	1,	'2025-04-12 08:24:13.018557'),
(90,	'pbkdf2_sha256$870000$JSpOpXFdv9A7727ImC8K9O$2/AySNezPhYEedPdiCspIRfAvyxL3OorBFSOPG34gD4=',	NULL,	0,	'farmer_custom_03',	'华',	'龚',	'farmer_custom_03@example.com',	0,	1,	'2025-04-12 08:24:13.308328'),
(91,	'pbkdf2_sha256$870000$n0Z0SIA1ANNb8x7XV9VZov$BDCaMzJC2ZtkM8CT6GRb33iQEjbJxvkY/LqC/MZn8iE=',	NULL,	0,	'farmer_custom_04',	'淑英',	'郑',	'farmer_custom_04@example.com',	0,	1,	'2025-04-12 08:24:13.580584'),
(92,	'pbkdf2_sha256$870000$ihXx7s3qkO82MaSGLl9NaH$sEVoWMIs6D07l+KzMUj0FPaH7xfoWgaRBfwv5JrWAjM=',	NULL,	0,	'farmer_custom_05',	'欢',	'李',	'farmer_custom_05@example.com',	0,	1,	'2025-04-12 08:24:13.855204'),
(93,	'pbkdf2_sha256$870000$1WzKL18TwvC9QdAh4z6iLo$o3i/IqAEQDc7t9xfTHdSUM/UXhIP7nuqsF7xjKbQocg=',	NULL,	0,	'farmer_custom_06',	'秀兰',	'朱',	'farmer_custom_06@example.com',	0,	1,	'2025-04-12 08:24:14.140634'),
(94,	'pbkdf2_sha256$870000$ejIKY1B7g7vdnOVUsFPhbd$BvnEaPQDFDmUU1ur/MDSTw1bE9V3cJg1Pq0ulob3cSs=',	NULL,	0,	'farmer_custom_07',	'娜',	'李',	'farmer_custom_07@example.com',	0,	1,	'2025-04-12 08:24:14.417990'),
(95,	'pbkdf2_sha256$870000$Gszv7I5v5U2ZLqGmT7OoCc$7CGbXGoKeQ8BIqS1OA1RPIgD0Spbu7SvRyNy2IviAxc=',	NULL,	0,	'farmer_custom_08',	'莹',	'盛',	'farmer_custom_08@example.com',	0,	1,	'2025-04-12 08:24:14.691078'),
(96,	'pbkdf2_sha256$870000$vr5i1e0EpMQYDkuWzkHrpU$QidZsKdE73wQQ5GqfIj/y3qTvJaF+SdWWs7FXadFbS0=',	NULL,	0,	'farmer_custom_09',	'旭',	'赵',	'farmer_custom_09@example.com',	0,	1,	'2025-04-12 08:24:14.970575'),
(97,	'pbkdf2_sha256$870000$WGcHCzs1hhVbwmiHD3zG66$TxEPfg6r3KB94uhx7ExjDSxbQbtVI0OGbSVqfEGfio4=',	NULL,	0,	'farmer_custom_10',	'秀云',	'唐',	'farmer_custom_10@example.com',	0,	1,	'2025-04-12 08:24:15.318586'),
(98,	'pbkdf2_sha256$870000$C5sR9yQJweav2l1CJxPxqO$kaPd8Qm/wAfBKEA0MpHy95XbQFfGR3N9g1EPPWMGoug=',	NULL,	0,	'farmer_custom_11',	'娟',	'黄',	'farmer_custom_11@example.com',	0,	1,	'2025-04-12 08:24:15.601438'),
(99,	'pbkdf2_sha256$870000$bM14RMG8Vhk6MoaAaQRhaZ$OLEnzgnIJkjjsw9mVVbDTrrqFJO5S9xyBrK/58HbkFI=',	NULL,	0,	'farmer_custom_12',	'平',	'田',	'farmer_custom_12@example.com',	0,	1,	'2025-04-12 08:24:15.880947'),
(100,	'pbkdf2_sha256$870000$1l3a2X7tLJ8wD7DWUbaAMB$ZndKVbMeLMIpgD2C1v6ifrKpaAbjQT8wRqWCNEYECE8=',	NULL,	0,	'farmer_custom_13',	'金凤',	'郑',	'farmer_custom_13@example.com',	0,	1,	'2025-04-12 08:24:16.155419'),
(101,	'pbkdf2_sha256$870000$X1IjanesS8ljmRT4RkM8UF$zK0J/95EygeZFt08wepatUeMObIaLY6gyE1M7FOzAgA=',	NULL,	0,	'farmer_custom_14',	'淑珍',	'王',	'farmer_custom_14@example.com',	0,	1,	'2025-04-12 08:24:16.460581'),
(102,	'pbkdf2_sha256$870000$t6DJLg9h68USeRt07brjmr$O/3RrcOgUmcMufU06XOdafkXeEE+Es/lkZG/yjC5SEw=',	NULL,	0,	'farmer_custom_15',	'晶',	'夏',	'farmer_custom_15@example.com',	0,	1,	'2025-04-12 08:24:16.735840'),
(133,	'pbkdf2_sha256$870000$moaXZfjBPLxLSWEyHVv3m8$gdbsDTD5blHgNRRaEv9OcrDWrFRdZ1dBZVSpcdT96pg=',	NULL,	0,	'tourist_auto_custom_1',	'敏',	'郭',	'tourist1@example.com',	0,	1,	'2025-04-12 08:33:42.131493'),
(134,	'pbkdf2_sha256$870000$X7YABZzOfOMxktG8v47VBE$WK3xhVJPVQVoABmb2Wqyfq0Wa7C03Bx6oHLyU4yD/BE=',	NULL,	0,	'tourist_auto_custom_2',	'畅',	'侯',	'tourist2@example.com',	0,	1,	'2025-04-12 08:33:42.914581'),
(135,	'pbkdf2_sha256$870000$WepDxYG3Gch61JTr51a3JX$Kf7vwjY1inmJqmIYSZPhhx154HkDTAd9RbT6AEc0Sv4=',	NULL,	0,	'tourist_auto_custom_3',	'娟',	'翁',	'tourist3@example.com',	0,	1,	'2025-04-12 08:33:43.586769'),
(136,	'pbkdf2_sha256$870000$qimrJ3mRqkroCbXRJ8ufVU$bR5jQkLh9pKyAMqc8waS/fTRJxBW5E5N5vupuSC8fPM=',	NULL,	0,	'tourist_auto_custom_4',	'洋',	'夏',	'tourist4@example.com',	0,	1,	'2025-04-12 08:33:44.260807'),
(137,	'pbkdf2_sha256$870000$DAeZAkBPt2eoMVBfhINZoF$k3F1x7NZlpneygPDVDbrWr/ZSwwjGHielcF2uQPHca0=',	NULL,	0,	'tourist_auto_custom_5',	'建国',	'龙',	'tourist5@example.com',	0,	1,	'2025-04-12 08:33:44.937250'),
(138,	'pbkdf2_sha256$870000$cbQuq9qdDoBi5wxP6jC3Dz$22e1Q7pgcrQMKiaJAB/Ldmo+qmX5VINSMPFUlrdoWHE=',	NULL,	0,	'tourist_auto_custom_6',	'红梅',	'王',	'tourist6@example.com',	0,	1,	'2025-04-12 08:33:45.206651'),
(139,	'pbkdf2_sha256$870000$fljUl2hftjosVzYMud6aad$+hivGHQOFsDYfIy/HMPZ2byYVfiYFeM2qTxA3UFawPs=',	NULL,	0,	'tourist_auto_custom_7',	'瑜',	'马',	'tourist7@example.com',	0,	1,	'2025-04-12 08:33:45.511962'),
(140,	'pbkdf2_sha256$870000$KWQkmIjyI4pdaJk8LiCYCj$YqQ2I3gJDlIukIy2PfHDARyvwSz1w5Lx3x8kRbuZKcM=',	NULL,	0,	'tourist_auto_custom_8',	'文',	'刘',	'tourist8@example.com',	0,	1,	'2025-04-12 08:33:45.787779'),
(141,	'pbkdf2_sha256$870000$UpFTUQDzwofGS2Ql6ta7fq$7us2PJH1QLSA5ApUCSsbGo9sS+nZfd2SKSv59M2pDN4=',	NULL,	0,	'tourist_auto_custom_9',	'鑫',	'侯',	'tourist9@example.com',	0,	1,	'2025-04-12 08:33:46.054438'),
(142,	'pbkdf2_sha256$870000$aW4ZomhN9OSUsk5L640hdo$Tqgg9YWJKmMIpC7S/Tpi4et/nB4zPSS7Fa4BqQL3ovs=',	NULL,	0,	'tourist_auto_custom_10',	'辉',	'戴',	'tourist10@example.com',	0,	1,	'2025-04-12 08:33:46.324289'),
(143,	'pbkdf2_sha256$870000$3KRvwmfPSF6VvT9gvlKpT6$idj7fJnPNQaUzDkiX+oeuzI7ajzERui9mPwOk1HREvc=',	NULL,	0,	'tourist_auto_custom_11',	'坤',	'龚',	'tourist11@example.com',	0,	1,	'2025-04-12 08:33:46.595383'),
(144,	'pbkdf2_sha256$870000$aWiYnDRtpJ3uBF4O6xp3GW$tyF645C2ieXf4RiNNBSUuu5ZMj9su3ZOXCmHkVPScNQ=',	NULL,	0,	'tourist_auto_custom_12',	'丹丹',	'牛',	'tourist12@example.com',	0,	1,	'2025-04-12 08:33:46.876848'),
(145,	'pbkdf2_sha256$870000$3WcOHe5Mst1Mu5diV1ggcI$645XScJBjZW+p1OcHnfUS7uOxOFDRE2pYkNGRPcAH+Y=',	NULL,	0,	'tourist_auto_custom_13',	'娟',	'杨',	'tourist13@example.com',	0,	1,	'2025-04-12 08:33:47.172839'),
(146,	'pbkdf2_sha256$870000$kNxCfGPyHEDQLMMGCfuTNa$RcexQ+tfndn72WMBqNG7ODHYSWDInxQVRP2NElQM4v8=',	NULL,	0,	'tourist_auto_custom_14',	'飞',	'胡',	'tourist14@example.com',	0,	1,	'2025-04-12 08:33:47.445677'),
(147,	'pbkdf2_sha256$870000$FNqTW2ujYWobKs7wGpZcZm$cJg2Lp5P5b0cPHocCZGN6q9j2IZ2kvHOZkmH06TKFVc=',	NULL,	0,	'tourist_auto_custom_15',	'婷',	'李',	'tourist15@example.com',	0,	1,	'2025-04-12 08:33:47.716325'),
(148,	'password123',	NULL,	0,	'tourist_auto_custom_41',	'赵',	'敏',	'tourist_auto_custom_41@example.com',	0,	1,	'2025-04-13 14:44:00.000000'),
(149,	'password123',	NULL,	0,	'tourist_auto_custom_42',	'钱',	'坤',	'tourist_auto_custom_42@example.com',	0,	1,	'2025-04-13 14:44:21.000000'),
(150,	'password123',	NULL,	0,	'tourist_auto_custom_43',	'孙',	'丽',	'tourist_auto_custom_43@example.com',	0,	1,	'2025-04-13 14:44:21.000000'),
(151,	'password123',	NULL,	0,	'tourist_auto_custom_44',	'李',	'强',	'tourist_auto_custom_44@example.com',	0,	1,	'2025-04-13 14:44:21.000000'),
(152,	'password123',	NULL,	0,	'tourist_auto_custom_45',	'周',	'梅',	'tourist_auto_custom_45@example.com',	0,	1,	'2025-04-13 14:44:21.000000'),
(153,	'password123',	NULL,	0,	'tourist_auto_custom_46',	'吴',	'刚',	'tourist_auto_custom_46@example.com',	0,	1,	'2025-04-13 14:44:21.000000'),
(154,	'password123',	NULL,	0,	'tourist_auto_custom_47',	'郑',	'秀兰',	'tourist_auto_custom_47@example.com',	0,	1,	'2025-04-13 14:44:21.000000'),
(155,	'password123',	NULL,	0,	'tourist_auto_custom_48',	'王',	'军',	'tourist_auto_custom_48@example.com',	0,	1,	'2025-04-13 14:44:21.000000'),
(156,	'password123',	NULL,	0,	'tourist_auto_custom_49',	'冯',	'娟',	'tourist_auto_custom_49@example.com',	0,	1,	'2025-04-13 14:44:21.000000'),
(157,	'password123',	NULL,	0,	'tourist_auto_custom_50',	'陈',	'波',	'tourist_auto_custom_50@example.com',	0,	1,	'2025-04-13 14:44:21.000000'),
(158,	'password123',	NULL,	0,	'tourist_auto_custom_51',	'褚',	'琳',	'tourist_auto_custom_51@example.com',	0,	1,	'2025-04-13 14:44:21.000000'),
(159,	'password123',	NULL,	0,	'tourist_auto_custom_52',	'卫',	'杰',	'tourist_auto_custom_52@example.com',	0,	1,	'2025-04-13 14:44:21.000000'),
(160,	'password123',	NULL,	0,	'tourist_auto_custom_53',	'蒋',	'丽',	'tourist_auto_custom_53@example.com',	0,	1,	'2025-04-13 14:44:21.000000'),
(161,	'password123',	NULL,	0,	'tourist_auto_custom_54',	'沈',	'鑫',	'tourist_auto_custom_54@example.com',	0,	1,	'2025-04-13 14:44:21.000000'),
(162,	'password123',	NULL,	0,	'tourist_auto_custom_55',	'韩',	'艳',	'tourist_auto_custom_55@example.com',	0,	1,	'2025-04-13 14:44:21.000000'),
(163,	'password123',	NULL,	0,	'tourist_auto_custom_56',	'杨',	'帆',	'tourist_auto_custom_56@example.com',	0,	1,	'2025-04-13 14:44:21.000000'),
(164,	'password123',	NULL,	0,	'tourist_auto_custom_57',	'朱',	'霞',	'tourist_auto_custom_57@example.com',	0,	1,	'2025-04-13 14:44:21.000000'),
(165,	'password123',	NULL,	0,	'tourist_auto_custom_58',	'秦',	'磊',	'tourist_auto_custom_58@example.com',	0,	1,	'2025-04-13 14:44:21.000000'),
(166,	'password123',	NULL,	0,	'tourist_auto_custom_59',	'尤',	'婷',	'tourist_auto_custom_59@example.com',	0,	1,	'2025-04-13 14:44:21.000000'),
(167,	'password123',	NULL,	0,	'tourist_auto_custom_60',	'许',	'峰',	'tourist_auto_custom_60@example.com',	0,	1,	'2025-04-13 14:44:21.000000'),
(168,	'password123',	NULL,	0,	'tourist_auto_custom_61',	'何',	'芳',	'tourist_auto_custom_61@example.com',	0,	1,	'2025-04-13 14:44:21.000000'),
(169,	'password123',	NULL,	0,	'tourist_auto_custom_62',	'魏',	'健',	'tourist_auto_custom_62@example.com',	0,	1,	'2025-04-13 14:44:21.000000'),
(170,	'password123',	NULL,	0,	'tourist_auto_custom_63',	'苗',	'静',	'tourist_auto_custom_63@example.com',	0,	1,	'2025-04-13 14:44:21.000000'),
(171,	'password123',	NULL,	0,	'tourist_auto_custom_64',	'庞',	'伟',	'tourist_auto_custom_64@example.com',	0,	1,	'2025-04-13 14:44:21.000000'),
(172,	'password123',	NULL,	0,	'tourist_auto_custom_65',	'任',	'红',	'tourist_auto_custom_65@example.com',	0,	1,	'2025-04-13 14:44:21.000000'),
(173,	'password123',	NULL,	0,	'tourist_auto_custom_66',	'姜',	'勇',	'tourist_auto_custom_66@example.com',	0,	1,	'2025-04-13 14:44:21.000000'),
(174,	'password123',	NULL,	0,	'tourist_auto_custom_67',	'汤',	'丹',	'tourist_auto_custom_67@example.com',	0,	1,	'2025-04-13 14:44:21.000000'),
(175,	'password123',	NULL,	0,	'tourist_auto_custom_68',	'殷',	'超',	'tourist_auto_custom_68@example.com',	0,	1,	'2025-04-13 14:44:21.000000'),
(176,	'password123',	NULL,	0,	'tourist_auto_custom_69',	'莫',	'雪',	'tourist_auto_custom_69@example.com',	0,	1,	'2025-04-13 14:44:21.000000'),
(177,	'password123',	NULL,	0,	'tourist_auto_custom_70',	'花',	'明',	'tourist_auto_custom_70@example.com',	0,	1,	'2025-04-13 14:44:21.000000'),
(178,	'password123',	NULL,	0,	'tourist_auto_custom_71',	'柏',	'莉',	'tourist_auto_custom_71@example.com',	0,	1,	'2025-04-13 14:44:21.000000'),
(179,	'password123',	NULL,	0,	'tourist_auto_custom_72',	'查',	'龙',	'tourist_auto_custom_72@example.com',	0,	1,	'2025-04-13 14:44:21.000000'),
(180,	'password123',	NULL,	0,	'tourist_auto_custom_73',	'贡',	'梅',	'tourist_auto_custom_73@example.com',	0,	1,	'2025-04-13 14:44:21.000000'),
(181,	'password123',	NULL,	0,	'tourist_auto_custom_74',	'霍',	'凯',	'tourist_auto_custom_74@example.com',	0,	1,	'2025-04-13 14:44:21.000000'),
(182,	'password123',	NULL,	0,	'tourist_auto_custom_75',	'姬',	'玲',	'tourist_auto_custom_75@example.com',	0,	1,	'2025-04-13 14:44:21.000000'),
(183,	'password123',	NULL,	0,	'tourist_auto_custom_76',	'况',	'宇',	'tourist_auto_custom_76@example.com',	0,	1,	'2025-04-13 14:44:21.000000'),
(184,	'password123',	NULL,	0,	'tourist_auto_custom_77',	'暨',	'芳',	'tourist_auto_custom_77@example.com',	0,	1,	'2025-04-13 14:44:21.000000'),
(185,	'password123',	NULL,	0,	'tourist_auto_custom_78',	'郦',	'轩',	'tourist_auto_custom_78@example.com',	0,	1,	'2025-04-13 14:44:21.000000'),
(186,	'password123',	NULL,	0,	'tourist_auto_custom_79',	'阚',	'洁',	'tourist_auto_custom_79@example.com',	0,	1,	'2025-04-13 14:44:21.000000'),
(187,	'password123',	NULL,	0,	'tourist_auto_custom_80',	'谯',	'鹏',	'tourist_auto_custom_80@example.com',	0,	1,	'2025-04-13 14:44:21.000000'),
(188,	'',	NULL,	0,	'testuser1',	'测试',	'用户',	'test1@example.com',	0,	1,	'2025-04-14 15:13:53.167628'),
(189,	'pbkdf2_sha256$870000$siXwfUpV76xqsOTeklmLuP$uf5y5gwOB+Mgi1aVdEPjJGoKhHlWY1+71DJr7qDpazU=',	NULL,	0,	'text_user',	'',	'',	'',	0,	1,	'2025-04-14 15:19:20.061524'),
(190,	'',	NULL,	0,	'testuser3',	'',	'',	'test1@example.com',	0,	1,	'2025-04-14 15:41:00.000000'),
(191,	'pbkdf2_sha256$870000$yKQ3U3d2yK4fBOPAtTGVdA$rhFkXaQmvywZwz0CW2wKiG03sre1JgyQZQKbyELtX6c=',	NULL,	0,	'测试用户6',	'若初',	'沈',	'1234568574@qq.com',	0,	1,	'2025-04-27 14:21:59.810474'),
(192,	'pbkdf2_sha256$870000$jJQ8flGp83dlnV8ebsfXhF$Wa6x5B5Yw8nDQmiIFcUXBfgvjVzUPlOtFP4jGjoN0M8=',	NULL,	0,	'testadmin',	'',	'',	'',	0,	1,	'2025-04-29 14:53:54.917816'),
(193,	'pbkdf2_sha256$870000$Ow0lhfZi3Zi43m0niuWfo9$6ACrLsdi14AU94T+n4Z9xxtJRVe90U0sOBEEZl+pPRs=',	'2025-05-01 06:23:31.001487',	0,	'nonghu',	'',	'',	'',	1,	1,	'2025-05-01 06:22:00.000000'),
(194,	'pbkdf2_sha256$870000$ZyyhcI9BzGSZhofcqRvZVx$Iahw8AdPO00C+W1tUz4XD1hnbmwCKv3l9w573/6OxHw=',	'2025-05-01 07:38:52.758883',	1,	'admin',	'',	'',	'',	1,	1,	'2025-05-01 06:28:08.767781'),
(195,	'pbkdf2_sha256$870000$mS1OeGOOB10zCqYI7X1brH$ZNYO/+gQ6JlqD6YtWV8n4IuWzBLe2kFVyIoyQPCmbwU=',	'2025-05-01 06:29:24.777006',	0,	'youke',	'',	'',	'',	1,	1,	'2025-05-01 06:29:00.000000'),
(196,	'pbkdf2_sha256$870000$N78bZirNCzWE1THB0v3pE2$T0SRC8hD472Xv8hH9nAwrcBkjpRnZJSEYVcjWsiimR4=',	NULL,	0,	'xiaoming',	'',	'',	'',	0,	1,	'2025-05-01 07:40:15.051623');

DROP TABLE IF EXISTS `auth_user_groups`;
CREATE TABLE `auth_user_groups` (
  `id` bigint NOT NULL AUTO_INCREMENT,
  `user_id` int NOT NULL,
  `group_id` int NOT NULL,
  PRIMARY KEY (`id`),
  UNIQUE KEY `auth_user_groups_user_id_group_id_94350c0c_uniq` (`user_id`,`group_id`),
  KEY `auth_user_groups_group_id_97559544_fk_auth_group_id` (`group_id`),
  CONSTRAINT `auth_user_groups_group_id_97559544_fk_auth_group_id` FOREIGN KEY (`group_id`) REFERENCES `auth_group` (`id`),
  CONSTRAINT `auth_user_groups_user_id_6a12ed8b_fk_auth_user_id` FOREIGN KEY (`user_id`) REFERENCES `auth_user` (`id`)
) ENGINE=InnoDB DEFAULT CHARSET=utf8mb4 COLLATE=utf8mb4_0900_ai_ci;

INSERT INTO `auth_user_groups` (`id`, `user_id`, `group_id`) VALUES
(1,	1,	1),
(2,	8,	3),
(3,	9,	3),
(4,	10,	3),
(5,	148,	2),
(6,	190,	2),
(7,	193,	3),
(8,	195,	2);

DROP TABLE IF EXISTS `auth_user_user_permissions`;
CREATE TABLE `auth_user_user_permissions` (
  `id` bigint NOT NULL AUTO_INCREMENT,
  `user_id` int NOT NULL,
  `permission_id` int NOT NULL,
  PRIMARY KEY (`id`),
  UNIQUE KEY `auth_user_user_permissions_user_id_permission_id_14a6b632_uniq` (`user_id`,`permission_id`),
  KEY `auth_user_user_permi_permission_id_1fbb5f2c_fk_auth_perm` (`permission_id`),
  CONSTRAINT `auth_user_user_permi_permission_id_1fbb5f2c_fk_auth_perm` FOREIGN KEY (`permission_id`) REFERENCES `auth_permission` (`id`),
  CONSTRAINT `auth_user_user_permissions_user_id_a95ead1b_fk_auth_user_id` FOREIGN KEY (`user_id`) REFERENCES `auth_user` (`id`)
) ENGINE=InnoDB DEFAULT CHARSET=utf8mb4 COLLATE=utf8mb4_0900_ai_ci;

INSERT INTO `auth_user_user_permissions` (`id`, `user_id`, `permission_id`) VALUES
(1,	1,	1),
(2,	1,	2),
(3,	1,	3),
(4,	1,	4),
(5,	1,	5),
(6,	1,	6),
(7,	1,	7),
(8,	1,	8),
(9,	1,	9),
(10,	1,	10),
(11,	1,	11),
(12,	1,	12),
(13,	1,	13),
(14,	1,	14),
(15,	1,	15),
(16,	1,	16),
(17,	1,	17),
(18,	1,	18),
(19,	1,	19),
(20,	1,	20),
(21,	1,	21),
(22,	1,	22),
(23,	1,	23),
(24,	1,	24),
(25,	1,	25),
(26,	1,	26),
(27,	1,	27),
(28,	1,	28),
(29,	1,	29),
(30,	1,	30),
(31,	1,	31),
(32,	1,	32),
(33,	1,	33),
(34,	1,	34),
(35,	1,	35),
(36,	1,	36),
(37,	1,	37),
(38,	1,	38),
(39,	1,	39),
(40,	1,	40),
(41,	1,	41),
(42,	1,	42),
(43,	1,	43),
(44,	1,	44),
(45,	1,	45),
(46,	1,	46),
(47,	1,	47),
(48,	1,	48),
(49,	1,	49),
(50,	1,	50),
(51,	1,	51),
(52,	1,	52),
(53,	1,	53),
(54,	1,	54),
(55,	1,	55),
(56,	1,	56),
(57,	1,	57),
(58,	1,	58),
(59,	1,	59),
(60,	1,	60),
(61,	1,	61),
(62,	1,	62),
(63,	1,	63),
(64,	1,	64),
(65,	1,	65),
(66,	1,	66),
(67,	1,	67),
(68,	1,	68),
(69,	1,	69),
(70,	1,	70),
(71,	1,	71),
(72,	1,	72),
(73,	1,	73),
(74,	1,	74),
(75,	1,	75),
(76,	1,	76),
(77,	1,	77),
(78,	1,	78),
(79,	1,	79),
(80,	1,	80),
(81,	1,	81),
(82,	1,	82),
(83,	1,	83),
(84,	1,	84),
(85,	1,	85),
(86,	1,	86),
(87,	1,	87),
(88,	1,	88),
(89,	1,	89),
(90,	1,	90),
(91,	1,	91),
(92,	1,	92);

DROP TABLE IF EXISTS `authtoken_token`;
CREATE TABLE `authtoken_token` (
  `key` varchar(40) NOT NULL,
  `created` datetime(6) NOT NULL,
  `user_id` int NOT NULL,
  PRIMARY KEY (`key`),
  UNIQUE KEY `user_id` (`user_id`),
  CONSTRAINT `authtoken_token_user_id_35299eff_fk_auth_user_id` FOREIGN KEY (`user_id`) REFERENCES `auth_user` (`id`)
) ENGINE=InnoDB DEFAULT CHARSET=utf8mb4 COLLATE=utf8mb4_0900_ai_ci;

INSERT INTO `authtoken_token` (`key`, `created`, `user_id`) VALUES
('2131654f6689cbb26bc5f28568c7cc23022f2967',	'2025-05-01 07:39:22.741736',	194),
('79d02da06b5ac63175c265abd37fbf82d26e6c44',	'2025-05-01 07:39:34.540116',	195),
('b3aced4a8b42304fd9be22733517772f34208e94',	'2025-05-01 07:40:25.110732',	196),
('c4bd524508bb069e3f403b9cff9a491e9c53e538',	'2025-05-01 07:40:00.554193',	193);

DROP TABLE IF EXISTS `core_auditlog`;
CREATE TABLE `core_auditlog` (
  `id` bigint NOT NULL AUTO_INCREMENT,
  `action` varchar(100) NOT NULL,
  `content` longtext NOT NULL,
  `ip_address` char(39) DEFAULT NULL,
  `created_at` datetime(6) NOT NULL,
  `user_id` int DEFAULT NULL,
  PRIMARY KEY (`id`),
  KEY `core_auditlog_user_id_3797aaab_fk_auth_user_id` (`user_id`),
  CONSTRAINT `core_auditlog_user_id_3797aaab_fk_auth_user_id` FOREIGN KEY (`user_id`) REFERENCES `auth_user` (`id`)
) ENGINE=InnoDB DEFAULT CHARSET=utf8mb4 COLLATE=utf8mb4_0900_ai_ci;


DROP TABLE IF EXISTS `core_contentreview`;
CREATE TABLE `core_contentreview` (
  `id` bigint NOT NULL AUTO_INCREMENT,
  `object_id` int unsigned NOT NULL,
  `status` varchar(20) NOT NULL,
  `review_reason` longtext NOT NULL,
  `created_at` datetime(6) NOT NULL,
  `content_type_id` int NOT NULL,
  `reviewed_by_id` int DEFAULT NULL,
  PRIMARY KEY (`id`),
  KEY `core_contentreview_content_type_id_40e84783_fk_django_co` (`content_type_id`),
  KEY `core_contentreview_reviewed_by_id_5a648dfb_fk_auth_user_id` (`reviewed_by_id`),
  CONSTRAINT `core_contentreview_content_type_id_40e84783_fk_django_co` FOREIGN KEY (`content_type_id`) REFERENCES `django_content_type` (`id`),
  CONSTRAINT `core_contentreview_reviewed_by_id_5a648dfb_fk_auth_user_id` FOREIGN KEY (`reviewed_by_id`) REFERENCES `auth_user` (`id`),
  CONSTRAINT `core_contentreview_chk_1` CHECK ((`object_id` >= 0))
) ENGINE=InnoDB DEFAULT CHARSET=utf8mb4 COLLATE=utf8mb4_0900_ai_ci;

INSERT INTO `core_contentreview` (`id`, `object_id`, `status`, `review_reason`, `created_at`, `content_type_id`, `reviewed_by_id`) VALUES
(1,	1,	'pending',	'测试审核',	'2025-04-29 14:53:55.389662',	11,	192);

DROP TABLE IF EXISTS `core_systemannouncement`;
CREATE TABLE `core_systemannouncement` (
  `id` bigint NOT NULL AUTO_INCREMENT,
  `title` varchar(200) NOT NULL,
  `content` longtext NOT NULL,
  `created_at` datetime(6) NOT NULL,
  `is_active` tinyint(1) NOT NULL,
  PRIMARY KEY (`id`)
) ENGINE=InnoDB DEFAULT CHARSET=utf8mb4 COLLATE=utf8mb4_0900_ai_ci;


DROP TABLE IF EXISTS `django_admin_log`;
CREATE TABLE `django_admin_log` (
  `id` int NOT NULL AUTO_INCREMENT,
  `action_time` datetime(6) NOT NULL,
  `object_id` longtext,
  `object_repr` varchar(200) NOT NULL,
  `action_flag` smallint unsigned NOT NULL,
  `change_message` longtext NOT NULL,
  `content_type_id` int DEFAULT NULL,
  `user_id` int NOT NULL,
  PRIMARY KEY (`id`),
  KEY `django_admin_log_content_type_id_c4bce8eb_fk_django_co` (`content_type_id`),
  KEY `django_admin_log_user_id_c564eba6_fk_auth_user_id` (`user_id`),
  CONSTRAINT `django_admin_log_content_type_id_c4bce8eb_fk_django_co` FOREIGN KEY (`content_type_id`) REFERENCES `django_content_type` (`id`),
  CONSTRAINT `django_admin_log_user_id_c564eba6_fk_auth_user_id` FOREIGN KEY (`user_id`) REFERENCES `auth_user` (`id`),
  CONSTRAINT `django_admin_log_chk_1` CHECK ((`action_flag` >= 0))
) ENGINE=InnoDB DEFAULT CHARSET=utf8mb4 COLLATE=utf8mb4_0900_ai_ci;

INSERT INTO `django_admin_log` (`id`, `action_time`, `object_id`, `object_repr`, `action_flag`, `change_message`, `content_type_id`, `user_id`) VALUES
(1,	'2025-04-10 04:11:42.352969',	'2',	'user_001',	1,	'[{\"added\": {}}, {\"added\": {\"name\": \"tourist profile\", \"object\": \"\\u5c71\\u95f4\\u6e05\\u98ce (\\u6e38\\u5ba2)\"}}, {\"added\": {\"name\": \"farmer profile\", \"object\": \"\\u7eff\\u91ce\\u6709\\u673a\\u519c\\u573a (\\u519c\\u6237)\"}}]',	4,	1),
(2,	'2025-04-10 04:13:48.334969',	'3',	'user_002',	1,	'[{\"added\": {}}, {\"added\": {\"name\": \"tourist profile\", \"object\": \"\\u7530\\u56ed\\u5c0f\\u7b51 (\\u6e38\\u5ba2)\"}}, {\"added\": {\"name\": \"farmer profile\", \"object\": \"\\u91d1\\u7a57\\u6c34\\u7a3b\\u5408\\u4f5c\\u793e (\\u519c\\u6237)\"}}]',	4,	1),
(3,	'2025-04-10 04:14:40.637059',	'4',	'user_003',	1,	'[{\"added\": {}}, {\"added\": {\"name\": \"tourist profile\", \"object\": \"\\u7a3b\\u9999\\u6f2b\\u6e38\\u8005 (\\u6e38\\u5ba2)\"}}, {\"added\": {\"name\": \"farmer profile\", \"object\": \"\\u9752\\u5c71\\u751f\\u6001\\u679c\\u56ed (\\u519c\\u6237)\"}}]',	4,	1),
(4,	'2025-04-10 04:15:40.189185',	'5',	'user_004',	1,	'[{\"added\": {}}, {\"added\": {\"name\": \"tourist profile\", \"object\": \"\\u9ea6\\u7530\\u5b88\\u671b\\u8005 (\\u6e38\\u5ba2)\"}}, {\"added\": {\"name\": \"farmer profile\", \"object\": \"\\u767d\\u4e91\\u852c\\u83dc\\u79cd\\u690d\\u57fa\\u5730 (\\u519c\\u6237)\"}}]',	4,	1),
(5,	'2025-04-10 04:16:52.948471',	'6',	'user_005',	1,	'[{\"added\": {}}, {\"added\": {\"name\": \"tourist profile\", \"object\": \"\\u4e61\\u91ce\\u95f2\\u4eba (\\u6e38\\u5ba2)\"}}, {\"added\": {\"name\": \"farmer profile\", \"object\": \"\\u9633\\u5149\\u517b\\u9e21\\u573a (\\u519c\\u6237)\"}}]',	4,	1),
(6,	'2025-04-10 04:26:37.082723',	'1',	'农时或民俗',	1,	'[{\"added\": {}}]',	9,	1),
(7,	'2025-04-10 04:26:41.667214',	'1',	'农时或民俗',	2,	'[]',	9,	1),
(8,	'2025-04-10 04:27:06.432643',	'1',	'农产品展销与体验市集',	2,	'[{\"changed\": {\"fields\": [\"Name\"]}}]',	9,	1),
(9,	'2025-04-10 04:27:17.779969',	'2',	'农旅体验',	1,	'[{\"added\": {}}]',	9,	1),
(10,	'2025-04-10 04:27:25.764924',	'3',	'旅游线路与品牌推广',	1,	'[{\"added\": {}}]',	9,	1),
(11,	'2025-04-10 04:27:35.763325',	'4',	'文化赋能与传播创新',	1,	'[{\"added\": {}}]',	9,	1),
(12,	'2025-04-10 04:27:37.240565',	'4',	'文化赋能与传播创新',	2,	'[]',	9,	1),
(13,	'2025-04-10 04:28:02.935694',	'5',	'农时或民俗',	1,	'[{\"added\": {}}]',	9,	1),
(14,	'2025-04-10 04:33:54.890495',	'1',	'农耕文化',	1,	'[{\"added\": {}}]',	10,	1),
(15,	'2025-04-10 04:34:00.957279',	'2',	'亲子体验',	1,	'[{\"added\": {}}]',	10,	1),
(16,	'2025-04-10 04:34:06.456618',	'3',	'花海',	1,	'[{\"added\": {}}]',	10,	1),
(17,	'2025-04-10 04:34:12.292179',	'4',	'音乐',	1,	'[{\"added\": {}}]',	10,	1),
(18,	'2025-04-10 04:34:18.410269',	'5',	'摄影',	1,	'[{\"added\": {}}]',	10,	1),
(19,	'2025-04-10 04:34:24.308909',	'6',	'丰收',	1,	'[{\"added\": {}}]',	10,	1),
(20,	'2025-04-10 04:34:28.775561',	'7',	'夜游',	1,	'[{\"added\": {}}]',	10,	1),
(21,	'2025-04-10 04:34:36.989177',	'8',	'美食',	1,	'[{\"added\": {}}]',	10,	1),
(22,	'2025-04-10 04:34:44.243651',	'9',	'汉服',	1,	'[{\"added\": {}}]',	10,	1),
(23,	'2025-04-10 04:34:49.126301',	'10',	'非遗',	1,	'[{\"added\": {}}]',	10,	1),
(24,	'2025-04-10 04:34:54.036253',	'11',	'赏花',	1,	'[{\"added\": {}}]',	10,	1),
(25,	'2025-04-10 04:34:59.675128',	'12',	'民俗',	1,	'[{\"added\": {}}]',	10,	1),
(26,	'2025-04-10 04:35:09.367611',	'13',	'年味',	1,	'[{\"added\": {}}]',	10,	1),
(27,	'2025-04-10 04:35:15.874186',	'14',	'山货',	1,	'[{\"added\": {}}]',	10,	1),
(28,	'2025-04-10 04:35:20.974505',	'15',	'盲盒',	1,	'[{\"added\": {}}]',	10,	1),
(29,	'2025-04-10 04:35:27.292586',	'16',	'艺术',	1,	'[{\"added\": {}}]',	10,	1),
(30,	'2025-04-10 04:35:44.441208',	'17',	'文创',	1,	'[{\"added\": {}}]',	10,	1),
(31,	'2025-04-10 04:36:06.994194',	'18',	'采摘',	1,	'[{\"added\": {}}]',	10,	1),
(32,	'2025-04-10 04:36:22.796753',	'19',	'直播',	1,	'[{\"added\": {}}]',	10,	1),
(33,	'2025-04-10 04:36:31.837511',	'20',	'小吃',	1,	'[{\"added\": {}}]',	10,	1),
(34,	'2025-04-10 04:36:40.436313',	'21',	'手作',	1,	'[{\"added\": {}}]',	10,	1),
(35,	'2025-04-10 04:36:47.278156',	'22',	'有机',	1,	'[{\"added\": {}}]',	10,	1),
(36,	'2025-04-10 04:37:08.087648',	'23',	'电商',	1,	'[{\"added\": {}}]',	10,	1),
(37,	'2025-04-10 04:37:16.376424',	'24',	'露营',	1,	'[{\"added\": {}}]',	10,	1),
(38,	'2025-04-10 04:37:23.511054',	'25',	'星空',	1,	'[{\"added\": {}}]',	10,	1),
(39,	'2025-04-10 04:37:30.029128',	'26',	'农事',	1,	'[{\"added\": {}}]',	10,	1),
(40,	'2025-04-10 04:37:37.313916',	'27',	'定制',	1,	'[{\"added\": {}}]',	10,	1),
(41,	'2025-04-10 04:37:43.763089',	'28',	'禅修',	1,	'[{\"added\": {}}]',	10,	1),
(42,	'2025-04-10 04:37:51.373051',	'29',	'茶文化',	1,	'[{\"added\": {}}]',	10,	1),
(43,	'2025-04-10 04:37:56.947111',	'30',	'养生',	1,	'[{\"added\": {}}]',	10,	1),
(44,	'2025-04-10 04:38:02.653691',	'31',	'牧场',	1,	'[{\"added\": {}}]',	10,	1),
(45,	'2025-04-10 04:38:09.442681',	'32',	'民族风',	1,	'[{\"added\": {}}]',	10,	1),
(46,	'2025-04-10 04:38:16.033427',	'33',	'海钓',	1,	'[{\"added\": {}}]',	10,	1),
(47,	'2025-04-10 04:38:24.955884',	'34',	'海鲜',	1,	'[{\"added\": {}}]',	10,	1),
(48,	'2025-04-10 04:38:32.539272',	'35',	'竞技',	1,	'[{\"added\": {}}]',	10,	1),
(49,	'2025-04-10 04:38:41.145156',	'36',	'红色',	1,	'[{\"added\": {}}]',	10,	1),
(50,	'2025-04-10 04:38:47.504678',	'37',	'研学',	1,	'[{\"added\": {}}]',	10,	1),
(51,	'2025-04-10 04:38:52.505857',	'38',	'徒步',	1,	'[{\"added\": {}}]',	10,	1),
(52,	'2025-04-10 04:38:58.739433',	'39',	'古镇',	1,	'[{\"added\": {}}]',	10,	1),
(53,	'2025-04-10 04:39:03.689342',	'40',	'水乡',	1,	'[{\"added\": {}}]',	10,	1),
(54,	'2025-04-10 04:39:09.520320',	'41',	'手工艺',	1,	'[{\"added\": {}}]',	10,	1),
(55,	'2025-04-10 04:39:20.805606',	'42',	'生态',	1,	'[{\"added\": {}}]',	10,	1),
(56,	'2025-04-10 04:39:28.161150',	'43',	'自驾',	1,	'[{\"added\": {}}]',	10,	1),
(57,	'2025-04-10 04:39:34.109392',	'44',	'巴士',	1,	'[{\"added\": {}}]',	10,	1),
(58,	'2025-04-10 04:39:51.787396',	'45',	'竞赛',	1,	'[{\"added\": {}}]',	10,	1),
(59,	'2025-04-10 04:39:56.708018',	'46',	'设计',	1,	'[{\"added\": {}}]',	10,	1),
(60,	'2025-04-10 04:40:00.854163',	'47',	'创意',	1,	'[{\"added\": {}}]',	10,	1),
(61,	'2025-04-10 04:40:09.987831',	'48',	'众包',	1,	'[{\"added\": {}}]',	10,	1),
(62,	'2025-04-10 04:40:14.839285',	'49',	'方言',	1,	'[{\"added\": {}}]',	10,	1),
(63,	'2025-04-10 04:40:21.921834',	'50',	'互动',	1,	'[{\"added\": {}}]',	10,	1),
(64,	'2025-04-10 04:40:27.856481',	'51',	'稻田',	1,	'[{\"added\": {}}]',	10,	1),
(65,	'2025-04-10 04:40:37.791163',	'52',	'影视',	1,	'[{\"added\": {}}]',	10,	1),
(66,	'2025-04-10 04:40:45.754571',	'53',	'传播',	1,	'[{\"added\": {}}]',	10,	1),
(67,	'2025-04-10 04:46:01.418997',	'1',	'春耕开犁节',	1,	'[{\"added\": {}}, {\"added\": {\"name\": \"activity image\", \"object\": \"activities/images/\\u4e0b\\u8f7d_1.jpg\"}}]',	11,	1),
(68,	'2025-04-10 10:24:33.875279',	'2',	'油菜花田音乐节',	1,	'[{\"added\": {}}, {\"added\": {\"name\": \"activity image\", \"object\": \"activities/images/\\u4e0b\\u8f7d_2.jpg\"}}]',	11,	1),
(69,	'2025-04-10 10:27:09.244946',	'3',	'山野珍品赶集日',	1,	'[{\"added\": {}}, {\"added\": {\"name\": \"activity image\", \"object\": \"activities/images/\\u4e0b\\u8f7d_4.jpg\"}}]',	11,	1),
(70,	'2025-04-10 10:29:15.657655',	'4',	'稻田星空露营',	1,	'[{\"added\": {}}, {\"added\": {\"name\": \"activity image\", \"object\": \"activities/images/\\u4e0b\\u8f7d_7.jpg\"}}]',	11,	1),
(71,	'2025-04-10 10:31:23.165902',	'5',	'运河古镇慢游线',	1,	'[{\"added\": {}}, {\"added\": {\"name\": \"activity image\", \"object\": \"activities/images/\\u4e0b\\u8f7d_9.jpg\"}}]',	11,	1),
(72,	'2025-04-10 10:38:07.049942',	'1',	'五常稻花香大米',	1,	'[{\"added\": {}}]',	19,	1),
(73,	'2025-04-10 10:38:59.617023',	'2',	'云南野生羊肚菌',	1,	'[{\"added\": {}}, {\"added\": {\"name\": \"product image\", \"object\": \"products/images/\\u4e0b\\u8f7d_11.jpg\"}}]',	19,	1),
(74,	'2025-04-10 10:40:25.999920',	'3',	'新疆若羌灰枣',	1,	'[{\"added\": {}}, {\"added\": {\"name\": \"product image\", \"object\": \"products/images/\\u4e0b\\u8f7d_12.jpg\"}}]',	19,	1),
(75,	'2025-04-10 10:41:18.006246',	'4',	'安吉白茶春茶',	1,	'[{\"added\": {}}, {\"added\": {\"name\": \"product image\", \"object\": \"products/images/\\u4e0b\\u8f7d_13.jpg\"}}]',	19,	1),
(76,	'2025-04-10 10:42:07.466171',	'5',	'绍兴手工梅干菜',	1,	'[{\"added\": {}}, {\"added\": {\"name\": \"product image\", \"object\": \"products/images/\\u4e0b\\u8f7d_14.jpg\"}}]',	19,	1),
(77,	'2025-04-10 10:42:57.665116',	'6',	'海南金钻凤梨',	1,	'[{\"added\": {}}, {\"added\": {\"name\": \"product image\", \"object\": \"products/images/\\u4e0b\\u8f7d_15.jpg\"}}]',	19,	1),
(78,	'2025-04-10 10:44:51.614673',	'1',	'user_001 在 春耕开犁节 打卡',	1,	'[{\"added\": {}}]',	12,	1),
(79,	'2025-04-10 10:44:56.381232',	'2',	'user_002 在 油菜花田音乐节 打卡',	1,	'[{\"added\": {}}]',	12,	1),
(80,	'2025-04-10 10:51:40.861081',	'1',	'ActivityComment object (1)',	1,	'[{\"added\": {}}]',	13,	1),
(81,	'2025-04-10 10:52:43.757213',	'1',	'ActivityComment object (1)',	2,	'[]',	13,	1),
(82,	'2025-04-10 10:52:56.823626',	'2',	'ActivityComment object (2)',	1,	'[{\"added\": {}}]',	13,	1),
(83,	'2025-04-10 10:53:10.542086',	'3',	'ActivityComment object (3)',	1,	'[{\"added\": {}}]',	13,	1),
(84,	'2025-04-10 10:53:23.239935',	'4',	'ActivityComment object (4)',	1,	'[{\"added\": {}}]',	13,	1),
(85,	'2025-04-10 10:53:35.489716',	'5',	'ActivityComment object (5)',	1,	'[{\"added\": {}}]',	13,	1),
(86,	'2025-04-10 10:53:36.887568',	'5',	'ActivityComment object (5)',	2,	'[]',	13,	1),
(87,	'2025-04-10 10:53:55.889650',	'1',	'ActivityLike object (1)',	1,	'[{\"added\": {}}]',	18,	1),
(88,	'2025-04-10 10:54:03.057954',	'2',	'ActivityLike object (2)',	1,	'[{\"added\": {}}]',	18,	1),
(89,	'2025-04-10 10:54:10.258084',	'3',	'ActivityLike object (3)',	1,	'[{\"added\": {}}]',	18,	1),
(90,	'2025-04-10 10:54:16.572769',	'4',	'ActivityLike object (4)',	1,	'[{\"added\": {}}]',	18,	1),
(91,	'2025-04-10 10:54:25.007864',	'5',	'ActivityLike object (5)',	1,	'[{\"added\": {}}]',	18,	1),
(92,	'2025-04-10 10:55:19.908354',	'3',	'user_003 在 山野珍品赶集日 打卡',	1,	'[{\"added\": {}}]',	12,	1),
(93,	'2025-04-10 10:55:23.824167',	'4',	'user_004 在 稻田星空露营 打卡',	1,	'[{\"added\": {}}]',	12,	1),
(94,	'2025-04-10 10:55:27.340919',	'5',	'user_005 在 运河古镇慢游线 打卡',	1,	'[{\"added\": {}}]',	12,	1),
(95,	'2025-04-10 10:55:44.865115',	'5',	'ActivityLike object (5)',	2,	'[]',	18,	1),
(96,	'2025-04-10 10:56:30.187945',	'1',	'user_001 上传的 春耕开犁节 照片',	1,	'[{\"added\": {}}]',	15,	1),
(97,	'2025-04-10 10:56:43.239885',	'2',	'user_002 上传的 油菜花田音乐节 照片',	1,	'[{\"added\": {}}]',	15,	1),
(98,	'2025-04-10 10:57:05.983909',	'3',	'user_003 上传的 山野珍品赶集日 照片',	1,	'[{\"added\": {}}]',	15,	1),
(99,	'2025-04-10 10:57:15.356268',	'4',	'user_004 上传的 稻田星空露营 照片',	1,	'[{\"added\": {}}]',	15,	1),
(100,	'2025-04-10 10:57:27.556608',	'5',	'user_005 上传的 运河古镇慢游线 照片',	1,	'[{\"added\": {}}]',	15,	1),
(101,	'2025-04-11 07:54:17.737661',	'7',	'user6',	1,	'[{\"added\": {}}, {\"added\": {\"name\": \"tourist profile\", \"object\": \"6 (\\u6e38\\u5ba2)\"}}]',	4,	1),
(102,	'2025-04-11 07:55:51.828203',	'7',	'user6',	3,	'',	4,	1),
(103,	'2025-04-11 07:56:18.063631',	'2',	'user_001',	2,	'[{\"changed\": {\"name\": \"farmer profile\", \"object\": \"user_001 (\\u519c\\u6237)\", \"fields\": [\"Farm name\", \"Contact phone\"]}}]',	4,	1),
(104,	'2025-04-11 07:56:37.117459',	'3',	'user_002',	2,	'[{\"changed\": {\"name\": \"farmer profile\", \"object\": \"user_002 (\\u519c\\u6237)\", \"fields\": [\"Farm name\", \"Contact phone\"]}}]',	4,	1),
(105,	'2025-04-11 07:56:45.787112',	'4',	'user_003',	2,	'[{\"changed\": {\"name\": \"farmer profile\", \"object\": \"user_003 (\\u519c\\u6237)\", \"fields\": [\"Farm name\", \"Contact phone\"]}}]',	4,	1),
(106,	'2025-04-11 07:56:55.488899',	'5',	'user_004',	2,	'[{\"changed\": {\"name\": \"farmer profile\", \"object\": \"user_004 (\\u519c\\u6237)\", \"fields\": [\"Farm name\", \"Contact phone\"]}}]',	4,	1),
(107,	'2025-04-11 07:57:03.903813',	'6',	'user_005',	2,	'[{\"changed\": {\"name\": \"farmer profile\", \"object\": \"user_005 (\\u519c\\u6237)\", \"fields\": [\"Farm name\", \"Contact phone\"]}}]',	4,	1),
(108,	'2025-04-11 07:58:17.905290',	'8',	'famer_1',	1,	'[{\"added\": {}}, {\"added\": {\"name\": \"farmer profile\", \"object\": \"\\u7eff\\u91ce\\u6709\\u673a\\u519c\\u573a (\\u519c\\u6237)\"}}]',	4,	1),
(109,	'2025-04-11 07:59:04.255628',	'9',	'famer_2',	1,	'[{\"added\": {}}, {\"added\": {\"name\": \"farmer profile\", \"object\": \"\\u91d1\\u7a57\\u6c34\\u7a3b\\u5408\\u4f5c\\u793e (\\u519c\\u6237)\"}}]',	4,	1),
(110,	'2025-04-11 07:59:37.988074',	'10',	'famer_3',	1,	'[{\"added\": {}}, {\"added\": {\"name\": \"farmer profile\", \"object\": \"\\u9752\\u5c71\\u751f\\u6001\\u679c\\u56ed (\\u519c\\u6237)\"}}]',	4,	1),
(111,	'2025-04-11 08:00:56.872147',	'11',	'famer_4',	1,	'[{\"added\": {}}, {\"added\": {\"name\": \"farmer profile\", \"object\": \"\\u767d\\u4e91\\u852c\\u83dc\\u79cd\\u690d\\u57fa\\u5730 (\\u519c\\u6237)\"}}]',	4,	1),
(112,	'2025-04-11 08:01:37.742085',	'12',	'famer_5',	1,	'[{\"added\": {}}, {\"added\": {\"name\": \"farmer profile\", \"object\": \"\\u9633\\u5149\\u517b\\u9e21\\u573a (\\u519c\\u6237)\"}}]',	4,	1),
(113,	'2025-04-11 08:02:14.384206',	'5',	'运河古镇慢游线',	2,	'[{\"changed\": {\"fields\": [\"Farmer\"]}}]',	11,	1),
(114,	'2025-04-11 08:02:23.073188',	'4',	'稻田星空露营',	2,	'[{\"changed\": {\"fields\": [\"Farmer\"]}}]',	11,	1),
(115,	'2025-04-11 08:02:30.295272',	'3',	'山野珍品赶集日',	2,	'[{\"changed\": {\"fields\": [\"Farmer\"]}}]',	11,	1),
(116,	'2025-04-11 08:02:40.188649',	'2',	'油菜花田音乐节',	2,	'[{\"changed\": {\"fields\": [\"Farmer\"]}}]',	11,	1),
(117,	'2025-04-11 08:02:47.534494',	'1',	'春耕开犁节',	2,	'[{\"changed\": {\"fields\": [\"Farmer\"]}}]',	11,	1),
(118,	'2025-04-11 08:03:25.088121',	'6',	'海南金钻凤梨',	2,	'[{\"changed\": {\"fields\": [\"Farmer\"]}}]',	19,	1),
(119,	'2025-04-11 08:03:33.121503',	'5',	'绍兴手工梅干菜',	2,	'[{\"changed\": {\"fields\": [\"Farmer\"]}}]',	19,	1),
(120,	'2025-04-11 08:03:40.305487',	'4',	'安吉白茶春茶',	2,	'[{\"changed\": {\"fields\": [\"Farmer\"]}}]',	19,	1),
(121,	'2025-04-11 08:03:49.037814',	'3',	'新疆若羌灰枣',	2,	'[{\"changed\": {\"fields\": [\"Farmer\"]}}]',	19,	1),
(122,	'2025-04-11 08:03:54.393468',	'3',	'新疆若羌灰枣',	2,	'[]',	19,	1),
(123,	'2025-04-11 08:03:59.886656',	'2',	'云南野生羊肚菌',	2,	'[{\"changed\": {\"fields\": [\"Farmer\"]}}]',	19,	1),
(124,	'2025-04-11 08:04:05.938811',	'1',	'五常稻花香大米',	2,	'[{\"changed\": {\"fields\": [\"Farmer\"]}}]',	19,	1),
(125,	'2025-04-12 08:03:18.961551',	'58',	'farmer_custom_1',	3,	'',	4,	1),
(126,	'2025-04-12 08:03:18.961551',	'67',	'farmer_custom_10',	3,	'',	4,	1),
(127,	'2025-04-12 08:03:18.961551',	'68',	'farmer_custom_11',	3,	'',	4,	1),
(128,	'2025-04-12 08:03:18.961551',	'69',	'farmer_custom_12',	3,	'',	4,	1),
(129,	'2025-04-12 08:03:18.961551',	'70',	'farmer_custom_13',	3,	'',	4,	1),
(130,	'2025-04-12 08:03:18.961551',	'71',	'farmer_custom_14',	3,	'',	4,	1),
(131,	'2025-04-12 08:03:18.961551',	'72',	'farmer_custom_15',	3,	'',	4,	1),
(132,	'2025-04-12 08:03:18.961551',	'59',	'farmer_custom_2',	3,	'',	4,	1),
(133,	'2025-04-12 08:03:18.961551',	'60',	'farmer_custom_3',	3,	'',	4,	1),
(134,	'2025-04-12 08:03:18.961551',	'61',	'farmer_custom_4',	3,	'',	4,	1),
(135,	'2025-04-12 08:03:18.961551',	'62',	'farmer_custom_5',	3,	'',	4,	1),
(136,	'2025-04-12 08:03:18.961551',	'63',	'farmer_custom_6',	3,	'',	4,	1),
(137,	'2025-04-12 08:03:18.961551',	'64',	'farmer_custom_7',	3,	'',	4,	1),
(138,	'2025-04-12 08:03:18.961551',	'65',	'farmer_custom_8',	3,	'',	4,	1),
(139,	'2025-04-12 08:03:18.961551',	'66',	'farmer_custom_9',	3,	'',	4,	1),
(140,	'2025-04-12 08:03:18.961551',	'43',	'farmer1',	3,	'',	4,	1),
(141,	'2025-04-12 08:03:18.961551',	'52',	'farmer10',	3,	'',	4,	1),
(142,	'2025-04-12 08:03:18.961551',	'53',	'farmer11',	3,	'',	4,	1),
(143,	'2025-04-12 08:03:18.961551',	'54',	'farmer12',	3,	'',	4,	1),
(144,	'2025-04-12 08:03:18.961551',	'55',	'farmer13',	3,	'',	4,	1),
(145,	'2025-04-12 08:03:18.961551',	'56',	'farmer14',	3,	'',	4,	1),
(146,	'2025-04-12 08:03:18.961551',	'57',	'farmer15',	3,	'',	4,	1),
(147,	'2025-04-12 08:03:18.961551',	'44',	'farmer2',	3,	'',	4,	1),
(148,	'2025-04-12 08:03:18.961551',	'45',	'farmer3',	3,	'',	4,	1),
(149,	'2025-04-12 08:03:18.961551',	'46',	'farmer4',	3,	'',	4,	1),
(150,	'2025-04-12 08:03:18.961551',	'47',	'farmer5',	3,	'',	4,	1),
(151,	'2025-04-12 08:03:18.961551',	'48',	'farmer6',	3,	'',	4,	1),
(152,	'2025-04-12 08:03:18.961551',	'49',	'farmer7',	3,	'',	4,	1),
(153,	'2025-04-12 08:03:18.961551',	'50',	'farmer8',	3,	'',	4,	1),
(154,	'2025-04-12 08:03:18.961551',	'51',	'farmer9',	3,	'',	4,	1),
(155,	'2025-04-12 08:03:18.961551',	'13',	'tourist1',	3,	'',	4,	1),
(156,	'2025-04-12 08:03:18.961551',	'22',	'tourist10',	3,	'',	4,	1),
(157,	'2025-04-12 08:03:18.961551',	'23',	'tourist11',	3,	'',	4,	1),
(158,	'2025-04-12 08:03:18.961551',	'24',	'tourist12',	3,	'',	4,	1),
(159,	'2025-04-12 08:03:18.961551',	'25',	'tourist13',	3,	'',	4,	1),
(160,	'2025-04-12 08:03:18.961551',	'26',	'tourist14',	3,	'',	4,	1),
(161,	'2025-04-12 08:03:18.961551',	'27',	'tourist15',	3,	'',	4,	1),
(162,	'2025-04-12 08:03:18.961551',	'28',	'tourist16',	3,	'',	4,	1),
(163,	'2025-04-12 08:03:18.961551',	'29',	'tourist17',	3,	'',	4,	1),
(164,	'2025-04-12 08:03:18.961551',	'30',	'tourist18',	3,	'',	4,	1),
(165,	'2025-04-12 08:03:18.961551',	'31',	'tourist19',	3,	'',	4,	1),
(166,	'2025-04-12 08:03:18.961551',	'14',	'tourist2',	3,	'',	4,	1),
(167,	'2025-04-12 08:03:18.961551',	'32',	'tourist20',	3,	'',	4,	1),
(168,	'2025-04-12 08:03:18.961551',	'33',	'tourist21',	3,	'',	4,	1),
(169,	'2025-04-12 08:03:18.961551',	'34',	'tourist22',	3,	'',	4,	1),
(170,	'2025-04-12 08:03:18.961551',	'35',	'tourist23',	3,	'',	4,	1),
(171,	'2025-04-12 08:03:18.961551',	'36',	'tourist24',	3,	'',	4,	1),
(172,	'2025-04-12 08:03:18.961551',	'37',	'tourist25',	3,	'',	4,	1),
(173,	'2025-04-12 08:03:18.961551',	'38',	'tourist26',	3,	'',	4,	1),
(174,	'2025-04-12 08:03:18.961551',	'39',	'tourist27',	3,	'',	4,	1),
(175,	'2025-04-12 08:03:18.961551',	'40',	'tourist28',	3,	'',	4,	1),
(176,	'2025-04-12 08:03:18.961551',	'41',	'tourist29',	3,	'',	4,	1),
(177,	'2025-04-12 08:03:18.961551',	'15',	'tourist3',	3,	'',	4,	1),
(178,	'2025-04-12 08:03:18.961551',	'42',	'tourist30',	3,	'',	4,	1),
(179,	'2025-04-12 08:03:18.961551',	'16',	'tourist4',	3,	'',	4,	1),
(180,	'2025-04-12 08:03:18.961551',	'17',	'tourist5',	3,	'',	4,	1),
(181,	'2025-04-12 08:03:18.961551',	'18',	'tourist6',	3,	'',	4,	1),
(182,	'2025-04-12 08:03:18.961551',	'19',	'tourist7',	3,	'',	4,	1),
(183,	'2025-04-12 08:03:18.961551',	'20',	'tourist8',	3,	'',	4,	1),
(184,	'2025-04-12 08:03:18.961551',	'21',	'tourist9',	3,	'',	4,	1),
(185,	'2025-04-12 08:18:33.427260',	'73',	'farmer_custom_01',	3,	'',	4,	1),
(186,	'2025-04-12 08:18:33.427260',	'74',	'farmer_custom_02',	3,	'',	4,	1),
(187,	'2025-04-12 08:18:33.427260',	'75',	'farmer_custom_03',	3,	'',	4,	1),
(188,	'2025-04-12 08:18:33.427260',	'76',	'farmer_custom_04',	3,	'',	4,	1),
(189,	'2025-04-12 08:18:33.427260',	'77',	'farmer_custom_05',	3,	'',	4,	1),
(190,	'2025-04-12 08:18:33.427260',	'78',	'farmer_custom_06',	3,	'',	4,	1),
(191,	'2025-04-12 08:18:33.427260',	'79',	'farmer_custom_07',	3,	'',	4,	1),
(192,	'2025-04-12 08:18:33.427260',	'80',	'farmer_custom_08',	3,	'',	4,	1),
(193,	'2025-04-12 08:18:33.427260',	'81',	'farmer_custom_09',	3,	'',	4,	1),
(194,	'2025-04-12 08:18:33.427260',	'82',	'farmer_custom_10',	3,	'',	4,	1),
(195,	'2025-04-12 08:18:33.427260',	'83',	'farmer_custom_11',	3,	'',	4,	1),
(196,	'2025-04-12 08:18:33.427260',	'84',	'farmer_custom_12',	3,	'',	4,	1),
(197,	'2025-04-12 08:18:33.427260',	'85',	'farmer_custom_13',	3,	'',	4,	1),
(198,	'2025-04-12 08:18:33.427260',	'86',	'farmer_custom_14',	3,	'',	4,	1),
(199,	'2025-04-12 08:18:47.568456',	'87',	'farmer_custom_15',	3,	'',	4,	1),
(200,	'2025-04-12 08:28:35.778381',	'103',	'tourist_fake_1',	3,	'',	4,	1),
(201,	'2025-04-12 08:28:35.778381',	'112',	'tourist_fake_10',	3,	'',	4,	1),
(202,	'2025-04-12 08:28:35.778381',	'113',	'tourist_fake_11',	3,	'',	4,	1),
(203,	'2025-04-12 08:28:35.778381',	'114',	'tourist_fake_12',	3,	'',	4,	1),
(204,	'2025-04-12 08:28:35.778381',	'115',	'tourist_fake_13',	3,	'',	4,	1),
(205,	'2025-04-12 08:28:35.778381',	'116',	'tourist_fake_14',	3,	'',	4,	1),
(206,	'2025-04-12 08:28:35.778381',	'117',	'tourist_fake_15',	3,	'',	4,	1),
(207,	'2025-04-12 08:28:35.778381',	'118',	'tourist_fake_16',	3,	'',	4,	1),
(208,	'2025-04-12 08:28:35.778381',	'119',	'tourist_fake_17',	3,	'',	4,	1),
(209,	'2025-04-12 08:28:35.778381',	'120',	'tourist_fake_18',	3,	'',	4,	1),
(210,	'2025-04-12 08:28:35.778381',	'121',	'tourist_fake_19',	3,	'',	4,	1),
(211,	'2025-04-12 08:28:35.778381',	'104',	'tourist_fake_2',	3,	'',	4,	1),
(212,	'2025-04-12 08:28:35.778381',	'122',	'tourist_fake_20',	3,	'',	4,	1),
(213,	'2025-04-12 08:28:35.778381',	'123',	'tourist_fake_21',	3,	'',	4,	1),
(214,	'2025-04-12 08:28:35.778381',	'124',	'tourist_fake_22',	3,	'',	4,	1),
(215,	'2025-04-12 08:28:35.778381',	'125',	'tourist_fake_23',	3,	'',	4,	1),
(216,	'2025-04-12 08:28:35.778381',	'126',	'tourist_fake_24',	3,	'',	4,	1),
(217,	'2025-04-12 08:28:35.778381',	'127',	'tourist_fake_25',	3,	'',	4,	1),
(218,	'2025-04-12 08:28:35.778381',	'128',	'tourist_fake_26',	3,	'',	4,	1),
(219,	'2025-04-12 08:28:35.778381',	'129',	'tourist_fake_27',	3,	'',	4,	1),
(220,	'2025-04-12 08:28:35.778381',	'130',	'tourist_fake_28',	3,	'',	4,	1),
(221,	'2025-04-12 08:28:35.778381',	'131',	'tourist_fake_29',	3,	'',	4,	1),
(222,	'2025-04-12 08:28:35.778381',	'105',	'tourist_fake_3',	3,	'',	4,	1),
(223,	'2025-04-12 08:28:35.778381',	'132',	'tourist_fake_30',	3,	'',	4,	1),
(224,	'2025-04-12 08:28:35.778381',	'106',	'tourist_fake_4',	3,	'',	4,	1),
(225,	'2025-04-12 08:28:35.778381',	'107',	'tourist_fake_5',	3,	'',	4,	1),
(226,	'2025-04-12 08:28:35.778381',	'108',	'tourist_fake_6',	3,	'',	4,	1),
(227,	'2025-04-12 08:28:35.778381',	'109',	'tourist_fake_7',	3,	'',	4,	1),
(228,	'2025-04-12 08:28:35.778381',	'110',	'tourist_fake_8',	3,	'',	4,	1),
(229,	'2025-04-12 08:28:35.778381',	'111',	'tourist_fake_9',	3,	'',	4,	1),
(230,	'2025-04-12 13:42:29.069168',	'1',	'春耕开犁节',	2,	'[{\"changed\": {\"fields\": [\"Cover image\"]}}]',	11,	1),
(231,	'2025-04-12 13:42:49.492104',	'2',	'油菜花田音乐节',	2,	'[{\"changed\": {\"fields\": [\"Cover image\"]}}]',	11,	1),
(232,	'2025-04-12 13:42:59.686715',	'3',	'山野珍品赶集日',	2,	'[{\"changed\": {\"fields\": [\"Cover image\"]}}]',	11,	1),
(233,	'2025-04-12 13:43:10.234681',	'4',	'稻田星空露营',	2,	'[{\"changed\": {\"fields\": [\"Cover image\"]}}]',	11,	1),
(234,	'2025-04-12 13:43:22.408411',	'5',	'运河古镇慢游线',	2,	'[{\"changed\": {\"fields\": [\"Cover image\"]}}]',	11,	1),
(235,	'2025-04-12 13:43:30.391497',	'6',	'端午民俗文化展',	2,	'[{\"changed\": {\"fields\": [\"Cover image\"]}}]',	11,	1),
(236,	'2025-04-12 13:44:48.001957',	'1',	'春耕开犁节',	2,	'[{\"added\": {\"name\": \"activity image\", \"object\": \"activities/images/images1.2.jpg\"}}, {\"changed\": {\"name\": \"activity image\", \"object\": \"activities/images/images1.jpg\", \"fields\": [\"Image\"]}}]',	11,	1),
(237,	'2025-04-12 13:46:15.702512',	'2',	'油菜花田音乐节',	2,	'[{\"added\": {\"name\": \"activity image\", \"object\": \"activities/images/images2.2.jpg\"}}, {\"changed\": {\"name\": \"activity image\", \"object\": \"activities/images/images2.1.jpg\", \"fields\": [\"Image\"]}}]',	11,	1),
(238,	'2025-04-12 13:47:20.003581',	'3',	'山野珍品赶集日',	2,	'[{\"added\": {\"name\": \"activity image\", \"object\": \"activities/images/images3.2.jpg\"}}, {\"changed\": {\"name\": \"activity image\", \"object\": \"activities/images/images3.1.jpg\", \"fields\": [\"Image\"]}}]',	11,	1),
(239,	'2025-04-12 13:48:25.671691',	'4',	'稻田星空露营',	2,	'[{\"added\": {\"name\": \"activity image\", \"object\": \"activities/images/images4.2.jpg\"}}, {\"changed\": {\"name\": \"activity image\", \"object\": \"activities/images/images4.1.jpg\", \"fields\": [\"Image\"]}}]',	11,	1),
(240,	'2025-04-12 13:49:44.525830',	'5',	'运河古镇慢游线',	2,	'[{\"added\": {\"name\": \"activity image\", \"object\": \"activities/images/images5.2.jpg\"}}, {\"changed\": {\"name\": \"activity image\", \"object\": \"activities/images/images5.1.jpg\", \"fields\": [\"Image\"]}}]',	11,	1),
(241,	'2025-04-12 13:50:30.704700',	'6',	'端午民俗文化展',	2,	'[{\"added\": {\"name\": \"activity image\", \"object\": \"activities/images/images6.2.jpg\"}}, {\"changed\": {\"name\": \"activity image\", \"object\": \"\\u7aef\\u5348\\u6c11\\u4fd7\\u6587\\u5316\\u5c55 \\u7684\\u5b9e\\u666f\\u7167\\u7247\", \"fields\": [\"Image\"]}}]',	11,	1),
(242,	'2025-04-12 13:56:47.700738',	'1',	'五常稻花香大米',	2,	'[{\"added\": {\"name\": \"product image\", \"object\": \"products/images/\\u4e0b\\u8f7d1.jpg\"}}]',	19,	1),
(243,	'2025-04-12 13:58:12.148624',	'2',	'云南野生羊肚菌',	2,	'[{\"changed\": {\"name\": \"product image\", \"object\": \"products/images/\\u4e0b\\u8f7d2.jpg\", \"fields\": [\"Image\"]}}]',	19,	1),
(244,	'2025-04-12 13:58:45.099000',	'3',	'新疆若羌灰枣',	2,	'[{\"changed\": {\"name\": \"product image\", \"object\": \"products/images/\\u4e0b\\u8f7d3.jpg\", \"fields\": [\"Image\"]}}]',	19,	1),
(245,	'2025-04-12 13:59:13.715953',	'4',	'安吉白茶春茶',	2,	'[{\"changed\": {\"name\": \"product image\", \"object\": \"products/images/\\u4e0b\\u8f7d4.jpg\", \"fields\": [\"Image\"]}}]',	19,	1),
(246,	'2025-04-12 13:59:36.831109',	'5',	'绍兴手工梅干菜',	2,	'[{\"changed\": {\"name\": \"product image\", \"object\": \"products/images/\\u4e0b\\u8f7d5.jpg\", \"fields\": [\"Image\"]}}]',	19,	1),
(247,	'2025-04-12 14:00:03.965255',	'6',	'海南金钻凤梨',	2,	'[{\"changed\": {\"name\": \"product image\", \"object\": \"products/images/\\u4e0b\\u8f7d6.jpg\", \"fields\": [\"Image\"]}}]',	19,	1),
(248,	'2025-04-13 03:24:25.313522',	'5',	'绍兴手工梅干菜',	2,	'[{\"changed\": {\"name\": \"product image\", \"object\": \"products/images/\\u4e0b\\u8f7d5.jpg\", \"fields\": [\"Image\"]}}]',	19,	1),
(249,	'2025-04-13 11:23:53.206661',	'1',	'2145',	2,	'[{\"changed\": {\"fields\": [\"password\"]}}]',	4,	1),
(250,	'2025-04-13 11:24:03.605103',	'1',	'2145',	2,	'[{\"changed\": {\"fields\": [\"User permissions\", \"Last login\"]}}]',	4,	1),
(251,	'2025-04-13 11:24:28.436848',	'1',	'管理员',	1,	'[{\"added\": {}}]',	3,	1),
(252,	'2025-04-13 11:24:34.675401',	'1',	'管理员',	2,	'[]',	3,	1),
(253,	'2025-04-13 11:26:02.425119',	'2',	'游客',	1,	'[{\"added\": {}}]',	3,	1),
(254,	'2025-04-13 11:28:03.360676',	'2',	'游客',	2,	'[]',	3,	1),
(255,	'2025-04-13 11:29:25.428306',	'3',	'农户',	1,	'[{\"added\": {}}]',	3,	1),
(256,	'2025-04-13 11:29:56.947365',	'2',	'游客',	2,	'[{\"changed\": {\"fields\": [\"Permissions\"]}}]',	3,	1),
(257,	'2025-04-13 11:30:18.145982',	'1',	'2145',	2,	'[{\"changed\": {\"fields\": [\"Groups\"]}}]',	4,	1),
(258,	'2025-04-13 11:30:26.155498',	'8',	'famer_1',	2,	'[{\"changed\": {\"fields\": [\"Groups\"]}}]',	4,	1),
(259,	'2025-04-13 11:30:30.600051',	'8',	'famer_1',	2,	'[]',	4,	1),
(260,	'2025-04-13 11:30:38.250418',	'9',	'famer_2',	2,	'[{\"changed\": {\"fields\": [\"Groups\"]}}]',	4,	1),
(261,	'2025-04-13 11:30:46.849201',	'10',	'famer_3',	2,	'[{\"changed\": {\"fields\": [\"Groups\"]}}]',	4,	1),
(262,	'2025-04-13 11:42:46.488992',	'5',	'ActivityLike object (5)',	2,	'[]',	18,	1),
(263,	'2025-04-13 11:56:45.962208',	'148',	'tourist_auto_custom_41',	2,	'[{\"changed\": {\"fields\": [\"Groups\"]}}]',	4,	1),
(264,	'2025-04-13 11:58:14.980481',	'124',	'在乡村体验宁静的垂钓乐趣',	2,	'[{\"changed\": {\"fields\": [\"Farmer\"]}}]',	11,	1),
(265,	'2025-04-13 11:58:24.351354',	'123',	'学习制作传统豆腐的全过程',	2,	'[{\"changed\": {\"fields\": [\"Farmer\"]}}]',	11,	1),
(266,	'2025-04-13 12:01:14.450321',	'122',	'体验清晨的鸟鸣和瑜伽',	2,	'[{\"changed\": {\"fields\": [\"Farmer\"]}}]',	11,	1),
(267,	'2025-04-13 12:01:29.215657',	'121',	'亲手制作美味的手工面条',	2,	'[{\"changed\": {\"fields\": [\"Farmer\"]}}]',	11,	1),
(268,	'2025-04-13 12:01:37.215303',	'120',	'夜观星空，聆听自然的低语',	2,	'[{\"changed\": {\"fields\": [\"Farmer\"]}}]',	11,	1),
(269,	'2025-04-13 12:01:46.100051',	'119',	'品尝地道农家菜，体验乡村美食',	2,	'[{\"changed\": {\"fields\": [\"Farmer\"]}}]',	11,	1),
(270,	'2025-04-13 12:02:02.460108',	'118',	'体验传统农耕文化，播种希望',	2,	'[{\"changed\": {\"fields\": [\"Farmer\"]}}]',	11,	1),
(271,	'2025-04-13 12:02:10.800923',	'117',	'探索神秘的乡村徒步之旅',	2,	'[{\"changed\": {\"fields\": [\"Farmer\"]}}]',	11,	1),
(272,	'2025-04-13 12:02:18.997099',	'116',	'学习传统手工陶艺制作',	2,	'[{\"changed\": {\"fields\": [\"Farmer\"]}}]',	11,	1),
(273,	'2025-04-13 12:02:24.716260',	'115',	'体验采摘新鲜草莓的乐趣',	2,	'[{\"changed\": {\"fields\": [\"Farmer\"]}}]',	11,	1),
(274,	'2025-04-13 12:02:33.584692',	'94',	'在乡村体验宁静的垂钓乐趣',	2,	'[{\"changed\": {\"fields\": [\"Farmer\"]}}]',	11,	1),
(275,	'2025-04-13 12:02:41.631703',	'93',	'学习制作传统豆腐的全过程',	2,	'[{\"changed\": {\"fields\": [\"Farmer\"]}}]',	11,	1),
(276,	'2025-04-13 12:02:49.366024',	'92',	'体验清晨的鸟鸣和瑜伽',	2,	'[{\"changed\": {\"fields\": [\"Farmer\"]}}]',	11,	1),
(277,	'2025-04-13 12:02:59.516556',	'91',	'亲手制作美味的手工面条',	2,	'[{\"changed\": {\"fields\": [\"Farmer\"]}}]',	11,	1),
(278,	'2025-04-13 12:03:08.495723',	'90',	'夜观星空，聆听自然的低语',	2,	'[{\"changed\": {\"fields\": [\"Farmer\"]}}]',	11,	1),
(279,	'2025-04-13 12:03:14.004669',	'89',	'品尝地道农家菜，体验乡村美食',	2,	'[]',	11,	1),
(280,	'2025-04-13 12:03:22.450781',	'89',	'品尝地道农家菜，体验乡村美食',	2,	'[{\"changed\": {\"fields\": [\"Farmer\"]}}]',	11,	1),
(281,	'2025-04-13 12:03:27.836260',	'88',	'体验传统农耕文化，播种希望',	2,	'[]',	11,	1),
(282,	'2025-04-13 12:04:17.213650',	'88',	'体验传统农耕文化，播种希望',	2,	'[{\"changed\": {\"fields\": [\"Farmer\"]}}]',	11,	1),
(283,	'2025-04-13 12:04:26.138690',	'87',	'探索神秘的乡村徒步之旅',	2,	'[{\"changed\": {\"fields\": [\"Farmer\"]}}]',	11,	1),
(284,	'2025-04-13 12:04:34.969932',	'86',	'学习传统手工陶艺制作',	2,	'[{\"changed\": {\"fields\": [\"Farmer\"]}}]',	11,	1),
(285,	'2025-04-13 12:06:00.855872',	'1',	'敏 郭 对 春耕开犁节 的评价',	1,	'[{\"added\": {}}]',	16,	1),
(286,	'2025-04-14 15:19:20.484508',	'189',	'text_user',	1,	'[{\"added\": {}}, {\"added\": {\"name\": \"\\u6e38\\u5ba2\\u4fe1\\u606f\", \"object\": \"\\u6d4b\\u8bd5\\u6e38\\u5ba22 (\\u6e38\\u5ba2)\"}}]',	4,	1),
(287,	'2025-04-14 15:47:20.355389',	'190',	'testuser3',	2,	'[{\"changed\": {\"fields\": [\"Groups\"]}}, {\"changed\": {\"name\": \"\\u6e38\\u5ba2\\u4fe1\\u606f\", \"object\": \"ceshi (\\u6e38\\u5ba2)\", \"fields\": [\"Nickname\", \"Contact phone\"]}}]',	4,	1),
(288,	'2025-04-14 15:48:53.548634',	'1',	'2145',	2,	'[{\"changed\": {\"fields\": [\"password\"]}}]',	4,	1),
(289,	'2025-04-15 15:31:35.013399',	'55',	'飞 胡 对 在乡村体验宁静的垂钓乐趣 的评价',	2,	'[]',	16,	1),
(290,	'2025-04-15 15:32:18.094987',	'56',	'丽娟 陈 对 春耕开犁节 的评价',	1,	'[{\"added\": {}}]',	16,	1),
(291,	'2025-04-15 15:32:29.999878',	'57',	'丽娟 陈 对 春耕开犁节 的评价',	1,	'[{\"added\": {}}]',	16,	1),
(292,	'2025-04-15 15:32:39.219947',	'58',	'丽娟 陈 对 春耕开犁节 的评价',	1,	'[{\"added\": {}}]',	16,	1),
(293,	'2025-04-15 15:32:48.736986',	'59',	'丽娟 陈 对 春耕开犁节 的评价',	1,	'[{\"added\": {}}]',	16,	1),
(294,	'2025-04-15 15:33:17.439726',	'59',	'丽娟 陈 对 春耕开犁节 的评价',	3,	'',	16,	1),
(295,	'2025-04-15 15:33:17.439726',	'58',	'丽娟 陈 对 春耕开犁节 的评价',	3,	'',	16,	1),
(296,	'2025-04-15 15:33:17.439726',	'57',	'丽娟 陈 对 春耕开犁节 的评价',	3,	'',	16,	1),
(297,	'2025-04-15 15:56:05.569832',	'56',	'丽娟 陈 对 春耕开犁节 的评价',	2,	'[{\"changed\": {\"fields\": [\"Comment\", \"\\u81ea\\u52a8\\u56de\\u590d\"]}}]',	16,	1),
(298,	'2025-04-15 15:56:40.505488',	'60',	'艳 邓 对 油菜花田音乐节 的评价',	1,	'[{\"added\": {}}]',	16,	1),
(299,	'2025-04-15 15:59:41.950130',	'55',	'飞 胡 对 在乡村体验宁静的垂钓乐趣 的评价',	2,	'[]',	16,	1),
(300,	'2025-04-27 14:49:30.242692',	'1',	'2145',	2,	'[{\"changed\": {\"fields\": [\"password\"]}}]',	4,	1),
(301,	'2025-05-01 06:19:10.234009',	'1',	'管理员',	2,	'[{\"changed\": {\"fields\": [\"Permissions\"]}}]',	3,	1),
(302,	'2025-05-01 06:20:41.163725',	'2',	'游客',	2,	'[{\"changed\": {\"fields\": [\"Permissions\"]}}]',	3,	1),
(303,	'2025-05-01 06:20:46.959169',	'3',	'农户',	2,	'[]',	3,	1),
(304,	'2025-05-01 06:20:49.344532',	'2',	'游客',	2,	'[]',	3,	1),
(305,	'2025-05-01 06:21:24.255108',	'3',	'农户',	2,	'[{\"changed\": {\"fields\": [\"Permissions\"]}}]',	3,	1),
(306,	'2025-05-01 06:22:42.470502',	'193',	'nonghu',	1,	'[{\"added\": {}}, {\"added\": {\"name\": \"\\u519c\\u6237\\u4fe1\\u606f\", \"object\": \"nonghu (\\u519c\\u6237)\"}}]',	4,	1),
(307,	'2025-05-01 06:23:11.599586',	'193',	'nonghu',	2,	'[{\"changed\": {\"fields\": [\"Staff status\", \"Groups\"]}}]',	4,	1),
(308,	'2025-05-01 06:24:22.042028',	'42',	'activities/images/images_7.1.jpg',	2,	'[{\"changed\": {\"fields\": [\"Image\"]}}]',	14,	193),
(309,	'2025-05-01 06:26:44.586272',	'42',	'activities/images/images1.2.jpg',	2,	'[{\"changed\": {\"fields\": [\"Image\"]}}]',	14,	193),
(310,	'2025-05-01 06:26:51.379302',	'41',	'activities/images/images4.2.jpg',	2,	'[{\"changed\": {\"fields\": [\"Image\"]}}]',	14,	193),
(311,	'2025-05-01 06:29:01.121689',	'195',	'youke',	1,	'[{\"added\": {}}, {\"added\": {\"name\": \"\\u6e38\\u5ba2\\u4fe1\\u606f\", \"object\": \"youke (\\u6e38\\u5ba2)\"}}]',	4,	194),
(312,	'2025-05-01 06:29:12.433917',	'195',	'youke',	2,	'[{\"changed\": {\"fields\": [\"Staff status\", \"Groups\"]}}]',	4,	194),
(313,	'2025-05-01 06:36:19.019707',	'3',	'农户',	2,	'[]',	3,	194),
(314,	'2025-05-01 06:43:10.384343',	'2',	'游客',	2,	'[{\"changed\": {\"fields\": [\"Permissions\"]}}]',	3,	194),
(315,	'2025-05-01 11:34:44.345995',	'124',	'在乡村体验宁静的垂钓乐趣',	2,	'[{\"changed\": {\"fields\": [\"Cover image\"]}}]',	11,	194),
(316,	'2025-05-01 11:35:00.007009',	'123',	'学习制作传统豆腐的全过程',	2,	'[{\"changed\": {\"fields\": [\"Cover image\"]}}]',	11,	194),
(317,	'2025-05-01 11:35:21.006711',	'25',	'2145 上传的 在乡村体验宁静的垂钓乐趣 照片',	2,	'[{\"changed\": {\"fields\": [\"Image\"]}}]',	15,	194),
(318,	'2025-05-01 11:35:30.603542',	'24',	'2145 上传的 学习制作传统豆腐的全过程 照片',	2,	'[{\"changed\": {\"fields\": [\"Image\"]}}]',	15,	194),
(319,	'2025-05-01 11:35:40.990829',	'23',	'2145 上传的 体验清晨的鸟鸣和瑜伽 照片',	2,	'[{\"changed\": {\"fields\": [\"Image\"]}}]',	15,	194);

DROP TABLE IF EXISTS `django_content_type`;
CREATE TABLE `django_content_type` (
  `id` int NOT NULL AUTO_INCREMENT,
  `app_label` varchar(100) NOT NULL,
  `model` varchar(100) NOT NULL,
  PRIMARY KEY (`id`),
  UNIQUE KEY `django_content_type_app_label_model_76bd3d3b_uniq` (`app_label`,`model`)
) ENGINE=InnoDB DEFAULT CHARSET=utf8mb4 COLLATE=utf8mb4_0900_ai_ci;

INSERT INTO `django_content_type` (`id`, `app_label`, `model`) VALUES
(11,	'activities',	'activity'),
(9,	'activities',	'activitycategory'),
(12,	'activities',	'activitycheckin'),
(13,	'activities',	'activitycomment'),
(14,	'activities',	'activityimage'),
(18,	'activities',	'activitylike'),
(15,	'activities',	'activityphoto'),
(16,	'activities',	'activityreview'),
(17,	'activities',	'reservation'),
(10,	'activities',	'tag'),
(1,	'admin',	'logentry'),
(3,	'auth',	'group'),
(2,	'auth',	'permission'),
(4,	'auth',	'user'),
(26,	'authtoken',	'token'),
(27,	'authtoken',	'tokenproxy'),
(5,	'contenttypes',	'contenttype'),
(28,	'core',	'auditlog'),
(29,	'core',	'contentreview'),
(23,	'core',	'homepageorder'),
(22,	'core',	'systemannouncement'),
(24,	'products',	'cart'),
(25,	'products',	'cartitem'),
(19,	'products',	'product'),
(20,	'products',	'productimage'),
(21,	'products',	'productinquiry'),
(6,	'sessions',	'session'),
(7,	'users',	'farmerprofile'),
(8,	'users',	'touristprofile');

DROP TABLE IF EXISTS `django_migrations`;
CREATE TABLE `django_migrations` (
  `id` bigint NOT NULL AUTO_INCREMENT,
  `app` varchar(255) NOT NULL,
  `name` varchar(255) NOT NULL,
  `applied` datetime(6) NOT NULL,
  PRIMARY KEY (`id`)
) ENGINE=InnoDB DEFAULT CHARSET=utf8mb4 COLLATE=utf8mb4_0900_ai_ci;

INSERT INTO `django_migrations` (`id`, `app`, `name`, `applied`) VALUES
(1,	'contenttypes',	'0001_initial',	'2025-04-09 18:22:54.442666'),
(2,	'contenttypes',	'0002_remove_content_type_name',	'2025-04-09 18:22:54.573319'),
(3,	'auth',	'0001_initial',	'2025-04-09 18:22:55.234691'),
(4,	'activities',	'0001_initial',	'2025-04-09 18:22:56.649029'),
(5,	'admin',	'0001_initial',	'2025-04-09 18:22:56.785079'),
(6,	'admin',	'0002_logentry_remove_auto_add',	'2025-04-09 18:22:56.798078'),
(7,	'admin',	'0003_logentry_add_action_flag_choices',	'2025-04-09 18:22:56.809423'),
(8,	'auth',	'0002_alter_permission_name_max_length',	'2025-04-09 18:22:56.879947'),
(9,	'auth',	'0003_alter_user_email_max_length',	'2025-04-09 18:22:56.927171'),
(10,	'auth',	'0004_alter_user_username_opts',	'2025-04-09 18:22:56.943263'),
(11,	'auth',	'0005_alter_user_last_login_null',	'2025-04-09 18:22:57.044431'),
(12,	'auth',	'0006_require_contenttypes_0002',	'2025-04-09 18:22:57.046820'),
(13,	'auth',	'0007_alter_validators_add_error_messages',	'2025-04-09 18:22:57.059910'),
(14,	'auth',	'0008_alter_user_username_max_length',	'2025-04-09 18:22:57.144776'),
(15,	'auth',	'0009_alter_user_last_name_max_length',	'2025-04-09 18:22:57.227469'),
(16,	'auth',	'0010_alter_group_name_max_length',	'2025-04-09 18:22:57.254875'),
(17,	'auth',	'0011_update_proxy_permissions',	'2025-04-09 18:22:57.273304'),
(18,	'auth',	'0012_alter_user_first_name_max_length',	'2025-04-09 18:22:57.357324'),
(19,	'products',	'0001_initial',	'2025-04-09 18:22:57.647212'),
(20,	'sessions',	'0001_initial',	'2025-04-09 18:22:57.680788'),
(21,	'users',	'0001_initial',	'2025-04-09 18:22:57.805546'),
(22,	'core',	'0001_initial',	'2025-04-12 01:15:33.925584'),
(23,	'products',	'0002_alter_product_options_alter_productimage_options_and_more',	'2025-04-13 14:43:01.158502'),
(24,	'core',	'0002_alter_systemannouncement_options_and_more',	'2025-04-15 11:16:57.299455'),
(25,	'activities',	'0002_alter_activity_options_and_more',	'2025-04-15 11:26:36.807348'),
(26,	'activities',	'0003_activitycomment_auto_reply_activityreview_auto_reply',	'2025-04-15 15:14:54.941513'),
(27,	'authtoken',	'0001_initial',	'2025-04-22 10:27:05.864397'),
(28,	'authtoken',	'0002_auto_20160226_1747',	'2025-04-22 10:27:05.896373'),
(29,	'authtoken',	'0003_tokenproxy',	'2025-04-22 10:27:05.898627'),
(30,	'authtoken',	'0004_alter_tokenproxy_options',	'2025-04-22 10:27:05.902251'),
(31,	'core',	'0003_auditlog_contentreview',	'2025-04-28 16:26:48.927113'),
(32,	'users',	'0002_alter_farmerprofile_options_and_more',	'2025-04-28 16:26:48.954124'),
(33,	'activities',	'0004_alter_reservation_status',	'2025-04-28 16:44:49.776012'),
(34,	'activities',	'0005_activitycategory_status',	'2025-04-29 08:09:17.831442'),
(35,	'activities',	'0006_activity_status',	'2025-04-29 08:19:36.547054');

DROP TABLE IF EXISTS `django_session`;
CREATE TABLE `django_session` (
  `session_key` varchar(40) NOT NULL,
  `session_data` longtext NOT NULL,
  `expire_date` datetime(6) NOT NULL,
  PRIMARY KEY (`session_key`),
  KEY `django_session_expire_date_a5c62663` (`expire_date`)
) ENGINE=InnoDB DEFAULT CHARSET=utf8mb4 COLLATE=utf8mb4_0900_ai_ci;

INSERT INTO `django_session` (`session_key`, `session_data`, `expire_date`) VALUES
('bjldq0igqhigkbc0beqwt7ngn8j61voe',	'.eJzNmE1zmzAQhv9KhnNiIxASzrE999hTncnoY7FVG0j5SJvJ-L9XAjKTKDIGbE-4WFja1WqfFwSrV--R1dX2sS6heFTSu_fQCnu373s5EzvIzJD8zbJNvhB5VhWKL4zJohstFz9yCftvne2HCbas3GpvSrAQAgWBiJM4QIEgJAGJuaRhxAVnwHzuC5AswQgFSeITnPg4jHyEEeVhM2kKWV3quX69rr2MpbD27m_W3ve80Fe3-krptbV9CStuEnYnVCH23WBqVlia4Y_u63VNRcJNAzLRTYSIMA3GzDQBorqJYxIPCFIX-3ZsyWSqsqXQa1uWL2UFKcuyvM4E6CSqZWvNpPw50EGbdk68ACZFUafckcwAFofbm-vkf3gww6CkGUW-H9gdyBEaA0G6ITRqGhnyJiYbArtHURL7ZtWUUzhbQyYq9awqBeWyYpvj0ll2AxU7g4ED59S8bamwa-53CzONT5pbh_JLEu4uXwSrYJMXL4Nwf3L6GvYX4WMrEQ2IdGH2o5jPg_VUuuT03Po1ZXQMML0Ga5WyDYwC3nrMgfpEMrYG9GQkEkSh-Rc2mcSc--ZfEkUX2mu2IHZ6aNRW0_nMQIepdGwd4pORqM9XJoSMLvpWfWO6V7txj0LjMAMFpnKxFVidjoQIveJu9LTNq3yUBK3HHDSYSMbSAPknI8Vc4CaT5CoaFPCs4O8oETqXGagwlY2tgqtUcEbS2935VZprf8_T_kKtx2c-OoymY-sQOCKt4tjMTYGRS5IvoITimVUqH_Ymfm__JcSncrAZh_ZrIHQEi9BKNMtnzYOFBTqvQO7mowFdWdOeK-lTkctaVOXbxXExP1kOl3E0juNIz0Rgq-mq13oj4e6BheDi6FX2p1Z9NfQxhxkJMRGPLQuxO1wnHDFn7a7ZhMYAuP2iEOc9a-Mm-rRF1tW2yneQLZtfrdS_vgrdZT1czqkEnCd7g50taWK7w1UhflxphGNzC5EwbioiisPPMUsTs9wq2Ms7tq9OnwpHQVtehfRIAuZ8-7hoSzPcr1RrMlWeSUm7jn8HJmrJErg-lSnoDw_3Kswk5Z3INz3INkVeP51g1tp8ObRBidrIkH1rrw4P3uE_ABUKiw:1uAOVQ:N7CoPK_X-0ppwLLfkrYRVXWb1eGO9IjaICf0vYLh36Q',	'2025-05-15 07:38:52.833496');

DROP TABLE IF EXISTS `products_cart`;
CREATE TABLE `products_cart` (
  `id` bigint NOT NULL AUTO_INCREMENT,
  `created_at` datetime(6) NOT NULL,
  `updated_at` datetime(6) NOT NULL,
  `user_id` int DEFAULT NULL,
  PRIMARY KEY (`id`),
  KEY `products_cart_user_id_d53bf7cf_fk_auth_user_id` (`user_id`),
  CONSTRAINT `products_cart_user_id_d53bf7cf_fk_auth_user_id` FOREIGN KEY (`user_id`) REFERENCES `auth_user` (`id`)
) ENGINE=InnoDB DEFAULT CHARSET=utf8mb4 COLLATE=utf8mb4_0900_ai_ci;


DROP TABLE IF EXISTS `products_cartitem`;
CREATE TABLE `products_cartitem` (
  `id` bigint NOT NULL AUTO_INCREMENT,
  `quantity` int unsigned NOT NULL,
  `created_at` datetime(6) NOT NULL,
  `updated_at` datetime(6) NOT NULL,
  `cart_id` bigint NOT NULL,
  `product_id` bigint NOT NULL,
  PRIMARY KEY (`id`),
  UNIQUE KEY `products_cartitem_cart_id_product_id_a939b0b8_uniq` (`cart_id`,`product_id`),
  KEY `products_cartitem_product_id_e735c06a_fk_products_product_id` (`product_id`),
  CONSTRAINT `products_cartitem_cart_id_b75c2d92_fk_products_cart_id` FOREIGN KEY (`cart_id`) REFERENCES `products_cart` (`id`),
  CONSTRAINT `products_cartitem_product_id_e735c06a_fk_products_product_id` FOREIGN KEY (`product_id`) REFERENCES `products_product` (`id`),
  CONSTRAINT `products_cartitem_chk_1` CHECK ((`quantity` >= 0))
) ENGINE=InnoDB DEFAULT CHARSET=utf8mb4 COLLATE=utf8mb4_0900_ai_ci;


DROP TABLE IF EXISTS `products_product`;
CREATE TABLE `products_product` (
  `id` bigint NOT NULL AUTO_INCREMENT,
  `name` varchar(200) NOT NULL,
  `slug` varchar(50) NOT NULL,
  `description` longtext NOT NULL,
  `price` decimal(10,2) NOT NULL,
  `stock` int unsigned NOT NULL,
  `created_at` datetime(6) NOT NULL,
  `updated_at` datetime(6) NOT NULL,
  `status` varchar(20) NOT NULL,
  `farmer_id` int NOT NULL,
  PRIMARY KEY (`id`),
  UNIQUE KEY `slug` (`slug`),
  KEY `products_product_farmer_id_2e14b1d5_fk_auth_user_id` (`farmer_id`),
  CONSTRAINT `products_product_farmer_id_2e14b1d5_fk_auth_user_id` FOREIGN KEY (`farmer_id`) REFERENCES `auth_user` (`id`),
  CONSTRAINT `products_product_chk_1` CHECK ((`stock` >= 0))
) ENGINE=InnoDB DEFAULT CHARSET=utf8mb4 COLLATE=utf8mb4_0900_ai_ci;

INSERT INTO `products_product` (`id`, `name`, `slug`, `description`, `price`, `stock`, `created_at`, `updated_at`, `status`, `farmer_id`) VALUES
(1,	'五常稻花香大米',	'1',	'黑龙江五常核心产区，一年一季，米粒饱满油亮，煮饭香气浓郁。',	12.83,	200,	'2025-04-10 10:38:07.049942',	'2025-04-12 13:56:47.684132',	'published',	8),
(2,	'云南野生羊肚菌',	'2',	'香格里拉高海拔森林采摘，自然晾晒，肉质厚实，煲汤提鲜佳品',	298.00,	150,	'2025-04-10 10:38:59.617023',	'2025-04-12 13:58:12.148624',	'published',	9),
(3,	'新疆若羌灰枣',	'3',	'塔克拉玛干沙漠边缘种植，昼夜温差大，枣肉细腻无渣，含糖量高达70%。',	29.50,	0,	'2025-04-10 10:40:25.999920',	'2025-04-12 13:58:45.083044',	'sold_out',	10),
(4,	'安吉白茶春茶',	'4',	'明前头采，白化期嫩芽，氨基酸含量高，茶汤鲜爽甘甜，限量发售',	580.00,	80,	'2025-04-10 10:41:17.990615',	'2025-04-12 13:59:13.714778',	'draft',	10),
(5,	'绍兴手工梅干菜',	'5',	'传统三蒸三晒工艺，芥菜腌制，无添加剂，搭配五花肉制作扣肉绝佳',	15.50,	120,	'2025-04-10 10:42:07.462835',	'2025-04-13 03:24:25.308523',	'unavailable',	11),
(6,	'海南金钻凤梨',	'6',	'树上熟自然催甜，果眼浅无需挖刺，果肉金黄多汁，现摘现发',	29.90,	500,	'2025-04-10 10:42:57.665116',	'2025-04-12 14:00:03.961422',	'published',	12),
(22,	'新鲜多汁草莓',	'caomei',	'当季新鲜采摘的草莓，口感甜美，营养丰富。',	25.00,	100,	'2025-04-13 12:04:41.000000',	'2025-04-13 12:04:41.000000',	'published',	88),
(23,	'有机绿色蔬菜礼盒',	'youji-shucai',	'包含多种当季有机绿色蔬菜，健康营养，是您餐桌的首选。',	45.50,	50,	'2025-04-13 12:04:41.000000',	'2025-04-13 12:04:41.000000',	'published',	89),
(24,	'农家散养土鸡蛋',	'tujidan',	'农家散养的土鸡产的鸡蛋，蛋黄饱满，口感香醇。',	18.00,	200,	'2025-04-13 12:04:41.000000',	'2025-04-13 12:04:41.000000',	'published',	90),
(25,	'香甜软糯红薯',	'hongshu',	'自家种植的红薯，口感香甜软糯，富含膳食纤维。',	12.00,	150,	'2025-04-13 12:04:41.000000',	'2025-04-13 12:04:41.000000',	'published',	91),
(26,	'优质新鲜玉米',	'yumi',	'新鲜采摘的甜玉米，口感清甜，营养丰富。',	8.00,	180,	'2025-04-13 12:04:41.000000',	'2025-04-13 12:04:41.000000',	'published',	92),
(27,	'天然野生蜂蜜',	'fengmi',	'采自深山的天然野生蜂蜜，纯净无添加，口感香醇。',	68.00,	30,	'2025-04-13 12:04:41.000000',	'2025-04-13 12:04:41.000000',	'published',	93),
(28,	'手工制作豆腐',	'doufu',	'采用传统工艺手工制作的豆腐，口感细腻，营养丰富。',	10.00,	120,	'2025-04-13 12:04:41.000000',	'2025-04-13 12:04:41.000000',	'published',	94),
(29,	'新鲜采摘蓝莓',	'lanmei',	'新鲜采摘的蓝莓，富含花青素，口感酸甜可口。',	35.00,	80,	'2025-04-13 12:04:41.000000',	'2025-04-13 12:04:41.000000',	'published',	95),
(30,	'农家自酿米酒',	'mijiu',	'采用传统方法自酿的米酒，口感醇厚，回味甘甜。（请注意当地法律法规）',	55.00,	40,	'2025-04-13 12:04:41.000000',	'2025-04-13 12:04:41.000000',	'published',	96),
(31,	'新鲜时令水果礼盒',	'shiling-shuiguo',	'包含多种新鲜时令水果，品种丰富，送礼佳品。',	75.00,	25,	'2025-04-13 12:04:41.000000',	'2025-04-13 12:04:41.000000',	'published',	97),
(32,	'原生态黑木耳',	'heimu\'er',	'生长在自然环境下的黑木耳，口感爽脆，营养丰富。',	30.00,	90,	'2025-04-13 12:04:41.000000',	'2025-04-13 12:04:41.000000',	'published',	98),
(33,	'高山绿茶',	'lvcha',	'采自高山的优质绿茶，口感清新，香气怡人。',	88.00,	60,	'2025-04-13 12:04:41.000000',	'2025-04-13 12:04:41.000000',	'published',	99),
(34,	'农家自制辣椒酱',	'lajiaojiang',	'采用新鲜辣椒和多种香料手工制作的辣椒酱，香辣可口。',	20.00,	110,	'2025-04-13 12:04:41.000000',	'2025-04-13 12:04:41.000000',	'published',	100),
(35,	'新鲜采摘蘑菇',	'mogu',	'新鲜采摘的蘑菇，口感鲜美，营养丰富。',	28.00,	70,	'2025-04-13 12:04:41.000000',	'2025-04-13 12:04:41.000000',	'published',	101),
(36,	'五谷杂粮礼包',	'wugu-zaliang',	'包含多种健康的五谷杂粮，营养均衡，适合全家食用。',	50.00,	35,	'2025-04-13 12:04:41.000000',	'2025-04-13 12:04:41.000000',	'published',	102);

DROP TABLE IF EXISTS `products_productimage`;
CREATE TABLE `products_productimage` (
  `id` bigint NOT NULL AUTO_INCREMENT,
  `image` varchar(100) NOT NULL,
  `caption` varchar(200) DEFAULT NULL,
  `product_id` bigint NOT NULL,
  PRIMARY KEY (`id`),
  KEY `products_productimage_product_id_e747596a_fk_products_product_id` (`product_id`),
  CONSTRAINT `products_productimage_product_id_e747596a_fk_products_product_id` FOREIGN KEY (`product_id`) REFERENCES `products_product` (`id`)
) ENGINE=InnoDB DEFAULT CHARSET=utf8mb4 COLLATE=utf8mb4_0900_ai_ci;

INSERT INTO `products_productimage` (`id`, `image`, `caption`, `product_id`) VALUES
(1,	'products/images/下载2.jpg',	NULL,	2),
(2,	'products/images/下载3.jpg',	NULL,	3),
(3,	'products/images/下载4.jpg',	NULL,	4),
(4,	'products/images/下载5.jpg',	NULL,	5),
(5,	'products/images/下载6.jpg',	NULL,	6),
(6,	'products/images/下载1.jpg',	NULL,	1),
(22,	'products/images/product/product1.jpg',	'',	22),
(23,	'products/images/product/product2.jpg',	'',	23),
(24,	'products/images/product/product3.jpg',	'',	24),
(25,	'products/images/product/product4.jpg',	'',	25),
(26,	'products/images/product/product5.jpg',	'',	26),
(27,	'products/images/product/product6.jpg',	'',	27),
(28,	'products/images/product/product7.jpg',	'',	28),
(29,	'products/images/product/product8.jpg',	'',	29),
(30,	'products/images/product/product9.jpg',	'',	30),
(31,	'products/images/product/product10.jpg',	'',	31),
(32,	'products/images/product/product11.jpg',	'',	32),
(33,	'products/images/product/product12.jpg',	'',	33),
(34,	'products/images/product/product13.jpg',	'',	34),
(35,	'products/images/product/product14.jpg',	'',	35),
(36,	'products/images/product/product15.jpg',	'',	36);

DROP TABLE IF EXISTS `products_productinquiry`;
CREATE TABLE `products_productinquiry` (
  `id` bigint NOT NULL AUTO_INCREMENT,
  `name` varchar(100) NOT NULL,
  `contact` varchar(100) NOT NULL,
  `message` longtext NOT NULL,
  `created_at` datetime(6) NOT NULL,
  `response` longtext,
  `responded_at` datetime(6) DEFAULT NULL,
  `product_id` bigint NOT NULL,
  `user_id` int DEFAULT NULL,
  PRIMARY KEY (`id`),
  KEY `products_productinqu_product_id_a1f1bdeb_fk_products_` (`product_id`),
  KEY `products_productinquiry_user_id_9b456f55_fk_auth_user_id` (`user_id`),
  CONSTRAINT `products_productinqu_product_id_a1f1bdeb_fk_products_` FOREIGN KEY (`product_id`) REFERENCES `products_product` (`id`),
  CONSTRAINT `products_productinquiry_user_id_9b456f55_fk_auth_user_id` FOREIGN KEY (`user_id`) REFERENCES `auth_user` (`id`)
) ENGINE=InnoDB DEFAULT CHARSET=utf8mb4 COLLATE=utf8mb4_0900_ai_ci;

INSERT INTO `products_productinquiry` (`id`, `name`, `contact`, `message`, `created_at`, `response`, `responded_at`, `product_id`, `user_id`) VALUES
(1,	'游客咨询',	'游客 133',	'我想咨询一下你们的农产品。',	'2025-04-13 19:03:58.000000',	NULL,	NULL,	1,	133),
(2,	'游客咨询',	'游客 135',	'请问这个产品还有货吗？',	'2025-04-13 19:03:58.000000',	NULL,	NULL,	1,	135),
(3,	'游客咨询',	'游客 138',	'我对这个产品很感兴趣，能提供更多信息吗？',	'2025-04-13 19:03:58.000000',	NULL,	NULL,	2,	138),
(4,	'游客咨询',	'游客 140',	'这个产品的价格是多少？',	'2025-04-13 19:03:58.000000',	NULL,	NULL,	2,	140),
(5,	'游客咨询',	'游客 142',	'你们的农产品是新鲜的吗？',	'2025-04-13 19:03:58.000000',	NULL,	NULL,	3,	142),
(6,	'游客咨询',	'游客 145',	'我想购买一些这个产品。',	'2025-04-13 19:03:58.000000',	NULL,	NULL,	3,	145),
(7,	'游客咨询',	'游客 147',	'这个产品是如何种植的？',	'2025-04-13 19:03:58.000000',	NULL,	NULL,	4,	147),
(8,	'游客咨询',	'游客 150',	'能告诉我这个产品的保质期吗？',	'2025-04-13 19:03:58.000000',	NULL,	NULL,	4,	150),
(9,	'游客咨询',	'游客 152',	'你们接受预定吗？',	'2025-04-13 19:03:58.000000',	NULL,	NULL,	5,	152),
(10,	'游客咨询',	'游客 155',	'这个产品有什么特别之处吗？',	'2025-04-13 19:03:58.000000',	NULL,	NULL,	5,	155),
(11,	'游客咨询',	'游客 157',	'我想了解一下这个产品的营养价值。',	'2025-04-13 19:03:58.000000',	NULL,	NULL,	6,	157),
(12,	'游客咨询',	'游客 160',	'你们的农场在哪里？',	'2025-04-13 19:03:58.000000',	NULL,	NULL,	6,	160),
(13,	'游客咨询',	'游客 162',	'请问你们的农产品是当季的吗？',	'2025-04-13 19:03:58.000000',	NULL,	NULL,	22,	162),
(14,	'游客咨询',	'游客 165',	'我对你们的农产品的种植方式很好奇。',	'2025-04-13 19:03:58.000000',	NULL,	NULL,	22,	165),
(15,	'游客咨询',	'游客 167',	'你们的农产品有优惠活动吗？',	'2025-04-13 19:03:58.000000',	NULL,	NULL,	23,	167),
(16,	'游客咨询',	'游客 170',	'我想咨询一下你们的农产品的口感如何。',	'2025-04-13 19:03:58.000000',	NULL,	NULL,	23,	170),
(17,	'游客咨询',	'游客 172',	'你们的农产品是绿色有机的吗？',	'2025-04-13 19:03:58.000000',	NULL,	NULL,	24,	172),
(18,	'游客咨询',	'游客 175',	'我想购买一些你们的农产品送给朋友。',	'2025-04-13 19:03:58.000000',	NULL,	NULL,	24,	175),
(19,	'游客咨询',	'游客 177',	'请问你们的农产品的采摘时间是什么时候？',	'2025-04-13 19:03:58.000000',	NULL,	NULL,	25,	177),
(20,	'游客咨询',	'游客 180',	'我对你们的农产品的产地很感兴趣。',	'2025-04-13 19:03:58.000000',	NULL,	NULL,	25,	180),
(21,	'游客咨询',	'游客 182',	'你们的农产品可以快递吗？',	'2025-04-13 19:03:58.000000',	NULL,	NULL,	26,	182),
(22,	'游客咨询',	'游客 185',	'我想咨询一下你们的农产品的烹饪方法。',	'2025-04-13 19:03:58.000000',	NULL,	NULL,	26,	185),
(23,	'游客咨询',	'游客 133',	'你们的农产品是如何保存的？',	'2025-04-13 19:03:58.000000',	NULL,	NULL,	27,	133),
(24,	'游客咨询',	'游客 136',	'我对你们的农产品的营养成分很感兴趣。',	'2025-04-13 19:03:58.000000',	NULL,	NULL,	27,	136),
(25,	'游客咨询',	'游客 138',	'请问你们的农产品的规格有哪些？',	'2025-04-13 19:03:58.000000',	NULL,	NULL,	28,	138),
(26,	'游客咨询',	'游客 141',	'我想咨询一下你们的农产品的购买流程。',	'2025-04-13 19:03:58.000000',	NULL,	NULL,	28,	141),
(27,	'游客咨询',	'游客 143',	'你们的农产品支持货到付款吗？',	'2025-04-13 19:03:58.000000',	NULL,	NULL,	29,	143),
(28,	'游客咨询',	'游客 146',	'我对你们的农产品的种植环境很感兴趣。',	'2025-04-13 19:03:58.000000',	NULL,	NULL,	29,	146),
(29,	'游客咨询',	'游客 148',	'请问你们的农产品的包装是怎样的？',	'2025-04-13 19:03:58.000000',	NULL,	NULL,	30,	148),
(30,	'游客咨询',	'游客 151',	'我想咨询一下你们的农产品的售后服务。',	'2025-04-13 19:03:58.000000',	NULL,	NULL,	30,	151),
(31,	'游客咨询',	'游客 153',	'你们的农产品有试吃装吗？',	'2025-04-13 19:03:58.000000',	NULL,	NULL,	31,	153),
(32,	'游客咨询',	'游客 156',	'我对你们的农产品的采摘周期很感兴趣。',	'2025-04-13 19:03:58.000000',	NULL,	NULL,	31,	156),
(33,	'游客咨询',	'游客 158',	'请问你们的农产品的口感是怎样的？',	'2025-04-13 19:03:58.000000',	NULL,	NULL,	32,	158),
(34,	'游客咨询',	'游客 161',	'我想咨询一下你们的农产品的运输方式。',	'2025-04-13 19:03:58.000000',	NULL,	NULL,	32,	161),
(35,	'游客咨询',	'游客 163',	'你们的农产品适合什么人群食用？',	'2025-04-13 19:03:58.000000',	NULL,	NULL,	33,	163),
(36,	'游客咨询',	'游客 166',	'我对你们的农产品的历史文化很感兴趣。',	'2025-04-13 19:03:58.000000',	NULL,	NULL,	33,	166),
(37,	'游客咨询',	'游客 168',	'请问你们的农产品的推荐食用方法是什么？',	'2025-04-13 19:03:58.000000',	NULL,	NULL,	34,	168),
(38,	'游客咨询',	'游客 171',	'我想咨询一下你们的农产品的存储条件。',	'2025-04-13 19:03:58.000000',	NULL,	NULL,	34,	171),
(39,	'游客咨询',	'游客 173',	'你们的农产品有相关的认证吗？',	'2025-04-13 19:03:58.000000',	NULL,	NULL,	35,	173),
(40,	'游客咨询',	'游客 176',	'我对你们的农产品的生长过程很感兴趣。',	'2025-04-13 19:03:58.000000',	NULL,	NULL,	35,	176),
(41,	'游客咨询',	'游客 178',	'请问你们的农产品的购买数量有限制吗？',	'2025-04-13 19:03:58.000000',	NULL,	NULL,	36,	178),
(42,	'游客咨询',	'游客 181',	'我想咨询一下你们的农产品的包装规格。',	'2025-04-13 19:03:58.000000',	NULL,	NULL,	36,	181);

DROP TABLE IF EXISTS `users_farmerprofile`;
CREATE TABLE `users_farmerprofile` (
  `user_id` int NOT NULL,
  `farm_name` varchar(100) DEFAULT NULL,
  `contact_phone` varchar(20) DEFAULT NULL,
  PRIMARY KEY (`user_id`),
  CONSTRAINT `users_farmerprofile_user_id_0b188034_fk_auth_user_id` FOREIGN KEY (`user_id`) REFERENCES `auth_user` (`id`)
) ENGINE=InnoDB DEFAULT CHARSET=utf8mb4 COLLATE=utf8mb4_0900_ai_ci;

INSERT INTO `users_farmerprofile` (`user_id`, `farm_name`, `contact_phone`) VALUES
(2,	NULL,	NULL),
(3,	NULL,	NULL),
(4,	NULL,	NULL),
(5,	NULL,	NULL),
(6,	NULL,	NULL),
(8,	'绿野有机农场',	'010-1234-5678'),
(9,	'金穗水稻合作社',	'020-8765-4321'),
(10,	'青山生态果园',	'030-1122-3344'),
(11,	'白云蔬菜种植基地',	'040-5566-7788'),
(12,	'阳光养鸡场',	'050-2233-4455'),
(193,	'nonghu',	'10086');

DROP TABLE IF EXISTS `users_touristprofile`;
CREATE TABLE `users_touristprofile` (
  `user_id` int NOT NULL,
  `nickname` varchar(50) DEFAULT NULL,
  `contact_phone` varchar(20) DEFAULT NULL,
  PRIMARY KEY (`user_id`),
  CONSTRAINT `users_touristprofile_user_id_dd112edb_fk_auth_user_id` FOREIGN KEY (`user_id`) REFERENCES `auth_user` (`id`)
) ENGINE=InnoDB DEFAULT CHARSET=utf8mb4 COLLATE=utf8mb4_0900_ai_ci;

INSERT INTO `users_touristprofile` (`user_id`, `nickname`, `contact_phone`) VALUES
(1,	'测试游客昵称',	'13223378678'),
(2,	'山间清风',	'138-0000-0001'),
(3,	'田园小筑',	'138-0000-0002'),
(4,	'稻香漫游者',	'138-0000-0003'),
(5,	'麦田守望者',	'138-0000-0004'),
(6,	'乡野闲人',	'138-0000-0005'),
(189,	'测试游客2',	'138-0000-0123'),
(190,	'ceshi',	'23223372328'),
(191,	NULL,	NULL),
(195,	'youke',	'1008611'),
(196,	NULL,	NULL);

-- 2025-05-01 11:55:33 UTC
